response_id,brand,mentioned,position,tone
r_495db021ac8d,corvane,false,,
r_495db021ac8d,trakvia,true,1,recommended
r_495db021ac8d,routelyne,false,,
r_495db021ac8d,gridwell,false,,
r_495db021ac8d,fleetora,false,,
r_495db021ac8d,novahaul,false,,
r_45e5f1edf3b3,corvane,true,3,recommended
r_45e5f1edf3b3,trakvia,true,4,neutral
r_45e5f1edf3b3,routelyne,true,2,recommended
r_45e5f1edf3b3,gridwell,false,,
r_45e5f1edf3b3,fleetora,true,1,negative
r_45e5f1edf3b3,novahaul,false,,
r_75582120020e,corvane,false,,
r_75582120020e,trakvia,false,,
r_75582120020e,routelyne,true,1,recommended
r_75582120020e,gridwell,false,,
r_75582120020e,fleetora,false,,
r_75582120020e,novahaul,false,,
r_fc2feeb1716b,corvane,false,,
r_fc2feeb1716b,trakvia,true,2,recommended
r_fc2feeb1716b,routelyne,true,1,recommended
r_fc2feeb1716b,gridwell,false,,
r_fc2feeb1716b,fleetora,false,,
r_fc2feeb1716b,novahaul,true,3,recommended
r_78f7dc31bc03,corvane,true,1,recommended
r_78f7dc31bc03,trakvia,true,3,recommended
r_78f7dc31bc03,routelyne,false,,
r_78f7dc31bc03,gridwell,false,,
r_78f7dc31bc03,fleetora,false,,
r_78f7dc31bc03,novahaul,true,2,neutral
r_e6e2b473eced,corvane,false,,
r_e6e2b473eced,trakvia,false,,
r_e6e2b473eced,routelyne,false,,
r_e6e2b473eced,gridwell,false,,
r_e6e2b473eced,fleetora,false,,
r_e6e2b473eced,novahaul,false,,
r_94b295ad3bd4,corvane,false,,
r_94b295ad3bd4,trakvia,true,3,recommended
r_94b295ad3bd4,routelyne,false,,
r_94b295ad3bd4,gridwell,true,4,neutral
r_94b295ad3bd4,fleetora,true,2,neutral
r_94b295ad3bd4,novahaul,true,1,recommended
r_e59ec6d4c75f,corvane,true,3,recommended
r_e59ec6d4c75f,trakvia,false,,
r_e59ec6d4c75f,routelyne,false,,
r_e59ec6d4c75f,gridwell,true,1,recommended
r_e59ec6d4c75f,fleetora,false,,
r_e59ec6d4c75f,novahaul,true,2,recommended
r_1396983e81cf,corvane,true,2,recommended
r_1396983e81cf,trakvia,false,,
r_1396983e81cf,routelyne,false,,
r_1396983e81cf,gridwell,true,1,recommended
r_1396983e81cf,fleetora,false,,
r_1396983e81cf,novahaul,false,,
r_13bd2dc2eeef,corvane,true,1,recommended
r_13bd2dc2eeef,trakvia,false,,
r_13bd2dc2eeef,routelyne,false,,
r_13bd2dc2eeef,gridwell,true,2,negative
r_13bd2dc2eeef,fleetora,false,,
r_13bd2dc2eeef,novahaul,false,,
r_84a769ae204a,corvane,true,3,negative
r_84a769ae204a,trakvia,true,1,negative
r_84a769ae204a,routelyne,false,,
r_84a769ae204a,gridwell,true,4,recommended
r_84a769ae204a,fleetora,true,2,recommended
r_84a769ae204a,novahaul,false,,
r_f25632a9cdc1,corvane,true,1,recommended
r_f25632a9cdc1,trakvia,true,2,recommended
r_f25632a9cdc1,routelyne,true,5,neutral
r_f25632a9cdc1,gridwell,true,3,neutral
r_f25632a9cdc1,fleetora,false,,
r_f25632a9cdc1,novahaul,true,4,neutral
r_9bfbc3e52e56,corvane,true,3,recommended
r_9bfbc3e52e56,trakvia,false,,
r_9bfbc3e52e56,routelyne,true,1,recommended
r_9bfbc3e52e56,gridwell,false,,
r_9bfbc3e52e56,fleetora,true,2,recommended
r_9bfbc3e52e56,novahaul,true,4,recommended
r_5b7cdcc2a1f4,corvane,false,,
r_5b7cdcc2a1f4,trakvia,true,1,recommended
r_5b7cdcc2a1f4,routelyne,true,3,negative
r_5b7cdcc2a1f4,gridwell,false,,
r_5b7cdcc2a1f4,fleetora,false,,
r_5b7cdcc2a1f4,novahaul,true,2,neutral
r_613c51e85b9d,corvane,false,,
r_613c51e85b9d,trakvia,true,1,recommended
r_613c51e85b9d,routelyne,false,,
r_613c51e85b9d,gridwell,false,,
r_613c51e85b9d,fleetora,true,2,neutral
r_613c51e85b9d,novahaul,false,,
r_9a0515b68ccc,corvane,false,,
r_9a0515b68ccc,trakvia,true,1,recommended
r_9a0515b68ccc,routelyne,false,,
r_9a0515b68ccc,gridwell,false,,
r_9a0515b68ccc,fleetora,false,,
r_9a0515b68ccc,novahaul,true,2,neutral
r_8ad0c50fab69,corvane,false,,
r_8ad0c50fab69,trakvia,false,,
r_8ad0c50fab69,routelyne,false,,
r_8ad0c50fab69,gridwell,false,,
r_8ad0c50fab69,fleetora,false,,
r_8ad0c50fab69,novahaul,true,1,recommended
r_081eab9e827c,corvane,true,2,recommended
r_081eab9e827c,trakvia,true,1,recommended
r_081eab9e827c,routelyne,true,3,neutral
r_081eab9e827c,gridwell,false,,
r_081eab9e827c,fleetora,false,,
r_081eab9e827c,novahaul,false,,
r_dd8a47f01020,corvane,false,,
r_dd8a47f01020,trakvia,false,,
r_dd8a47f01020,routelyne,true,1,recommended
r_dd8a47f01020,gridwell,false,,
r_dd8a47f01020,fleetora,false,,
r_dd8a47f01020,novahaul,false,,
r_62eed69dc265,corvane,false,,
r_62eed69dc265,trakvia,true,1,recommended
r_62eed69dc265,routelyne,true,2,negative
r_62eed69dc265,gridwell,false,,
r_62eed69dc265,fleetora,false,,
r_62eed69dc265,novahaul,false,,
r_2e2d64b3541b,corvane,false,,
r_2e2d64b3541b,trakvia,true,3,not_recommended
r_2e2d64b3541b,routelyne,true,1,neutral
r_2e2d64b3541b,gridwell,true,2,negative
r_2e2d64b3541b,fleetora,false,,
r_2e2d64b3541b,novahaul,false,,
r_68c7bd90ad70,corvane,false,,
r_68c7bd90ad70,trakvia,true,1,not_recommended
r_68c7bd90ad70,routelyne,false,,
r_68c7bd90ad70,gridwell,true,3,neutral
r_68c7bd90ad70,fleetora,false,,
r_68c7bd90ad70,novahaul,true,2,recommended
r_961cd5173760,corvane,false,,
r_961cd5173760,trakvia,true,1,recommended
r_961cd5173760,routelyne,false,,
r_961cd5173760,gridwell,false,,
r_961cd5173760,fleetora,false,,
r_961cd5173760,novahaul,false,,
r_c10a92d98721,corvane,false,,
r_c10a92d98721,trakvia,false,,
r_c10a92d98721,routelyne,false,,
r_c10a92d98721,gridwell,true,2,neutral
r_c10a92d98721,fleetora,true,1,neutral
r_c10a92d98721,novahaul,false,,
r_df82e589a362,corvane,false,,
r_df82e589a362,trakvia,false,,
r_df82e589a362,routelyne,false,,
r_df82e589a362,gridwell,true,1,recommended
r_df82e589a362,fleetora,false,,
r_df82e589a362,novahaul,false,,
r_a7cf6bbb0a6f,corvane,true,3,negative
r_a7cf6bbb0a6f,trakvia,true,1,recommended
r_a7cf6bbb0a6f,routelyne,true,2,recommended
r_a7cf6bbb0a6f,gridwell,false,,
r_a7cf6bbb0a6f,fleetora,false,,
r_a7cf6bbb0a6f,novahaul,false,,
r_8e07235cac7c,corvane,false,,
r_8e07235cac7c,trakvia,false,,
r_8e07235cac7c,routelyne,true,3,neutral
r_8e07235cac7c,gridwell,false,,
r_8e07235cac7c,fleetora,true,1,recommended
r_8e07235cac7c,novahaul,true,2,neutral
r_403b487b63f7,corvane,false,,
r_403b487b63f7,trakvia,true,2,neutral
r_403b487b63f7,routelyne,false,,
r_403b487b63f7,gridwell,false,,
r_403b487b63f7,fleetora,true,1,neutral
r_403b487b63f7,novahaul,false,,
r_25b4327ce50b,corvane,false,,
r_25b4327ce50b,trakvia,false,,
r_25b4327ce50b,routelyne,false,,
r_25b4327ce50b,gridwell,false,,
r_25b4327ce50b,fleetora,false,,
r_25b4327ce50b,novahaul,false,,
r_7ea3ca1c1b25,corvane,false,,
r_7ea3ca1c1b25,trakvia,false,,
r_7ea3ca1c1b25,routelyne,false,,
r_7ea3ca1c1b25,gridwell,false,,
r_7ea3ca1c1b25,fleetora,false,,
r_7ea3ca1c1b25,novahaul,true,1,recommended
r_ed986d4d1ebb,corvane,true,2,neutral
r_ed986d4d1ebb,trakvia,false,,
r_ed986d4d1ebb,routelyne,true,1,recommended
r_ed986d4d1ebb,gridwell,false,,
r_ed986d4d1ebb,fleetora,false,,
r_ed986d4d1ebb,novahaul,false,,
r_683d6d635c47,corvane,false,,
r_683d6d635c47,trakvia,true,1,recommended
r_683d6d635c47,routelyne,false,,
r_683d6d635c47,gridwell,false,,
r_683d6d635c47,fleetora,false,,
r_683d6d635c47,novahaul,true,2,negative
r_e6fa92df6b7c,corvane,false,,
r_e6fa92df6b7c,trakvia,false,,
r_e6fa92df6b7c,routelyne,true,1,negative
r_e6fa92df6b7c,gridwell,false,,
r_e6fa92df6b7c,fleetora,true,2,neutral
r_e6fa92df6b7c,novahaul,false,,
r_a19ef6cf64c6,corvane,false,,
r_a19ef6cf64c6,trakvia,false,,
r_a19ef6cf64c6,routelyne,true,1,neutral
r_a19ef6cf64c6,gridwell,false,,
r_a19ef6cf64c6,fleetora,false,,
r_a19ef6cf64c6,novahaul,false,,
r_808f0952e6b8,corvane,false,,
r_808f0952e6b8,trakvia,true,2,neutral
r_808f0952e6b8,routelyne,false,,
r_808f0952e6b8,gridwell,true,1,neutral
r_808f0952e6b8,fleetora,false,,
r_808f0952e6b8,novahaul,false,,
r_83870516bfd4,corvane,false,,
r_83870516bfd4,trakvia,false,,
r_83870516bfd4,routelyne,false,,
r_83870516bfd4,gridwell,true,2,negative
r_83870516bfd4,fleetora,true,1,neutral
r_83870516bfd4,novahaul,false,,
r_ce656d8ba2c9,corvane,true,4,recommended
r_ce656d8ba2c9,trakvia,true,3,recommended
r_ce656d8ba2c9,routelyne,true,5,negative
r_ce656d8ba2c9,gridwell,true,1,neutral
r_ce656d8ba2c9,fleetora,false,,
r_ce656d8ba2c9,novahaul,true,2,neutral
r_c8990b5b1d85,corvane,true,3,recommended
r_c8990b5b1d85,trakvia,false,,
r_c8990b5b1d85,routelyne,false,,
r_c8990b5b1d85,gridwell,true,2,neutral
r_c8990b5b1d85,fleetora,true,1,recommended
r_c8990b5b1d85,novahaul,false,,
r_084f6bf69b62,corvane,true,2,recommended
r_084f6bf69b62,trakvia,false,,
r_084f6bf69b62,routelyne,true,4,neutral
r_084f6bf69b62,gridwell,true,1,neutral
r_084f6bf69b62,fleetora,false,,
r_084f6bf69b62,novahaul,true,3,neutral
r_d40341005861,corvane,true,3,neutral
r_d40341005861,trakvia,true,1,neutral
r_d40341005861,routelyne,false,,
r_d40341005861,gridwell,true,2,recommended
r_d40341005861,fleetora,false,,
r_d40341005861,novahaul,false,,
r_ec489d934be1,corvane,true,1,neutral
r_ec489d934be1,trakvia,true,3,neutral
r_ec489d934be1,routelyne,false,,
r_ec489d934be1,gridwell,false,,
r_ec489d934be1,fleetora,true,2,negative
r_ec489d934be1,novahaul,true,4,neutral
r_0dc8724f5dfb,corvane,true,2,recommended
r_0dc8724f5dfb,trakvia,true,1,recommended
r_0dc8724f5dfb,routelyne,false,,
r_0dc8724f5dfb,gridwell,true,3,not_recommended
r_0dc8724f5dfb,fleetora,false,,
r_0dc8724f5dfb,novahaul,false,,
r_e7c9bfeb2bc8,corvane,true,3,neutral
r_e7c9bfeb2bc8,trakvia,true,2,recommended
r_e7c9bfeb2bc8,routelyne,true,1,neutral
r_e7c9bfeb2bc8,gridwell,false,,
r_e7c9bfeb2bc8,fleetora,false,,
r_e7c9bfeb2bc8,novahaul,false,,
r_2de17b7ae21c,corvane,true,4,neutral
r_2de17b7ae21c,trakvia,false,,
r_2de17b7ae21c,routelyne,true,3,neutral
r_2de17b7ae21c,gridwell,true,2,not_recommended
r_2de17b7ae21c,fleetora,false,,
r_2de17b7ae21c,novahaul,true,1,not_recommended
r_95f2864b4b5b,corvane,false,,
r_95f2864b4b5b,trakvia,true,1,recommended
r_95f2864b4b5b,routelyne,true,3,recommended
r_95f2864b4b5b,gridwell,false,,
r_95f2864b4b5b,fleetora,true,2,neutral
r_95f2864b4b5b,novahaul,false,,
r_99758b95d5ba,corvane,false,,
r_99758b95d5ba,trakvia,true,2,recommended
r_99758b95d5ba,routelyne,false,,
r_99758b95d5ba,gridwell,true,1,recommended
r_99758b95d5ba,fleetora,false,,
r_99758b95d5ba,novahaul,false,,
r_635c93c18d88,corvane,true,1,recommended
r_635c93c18d88,trakvia,true,2,negative
r_635c93c18d88,routelyne,true,3,negative
r_635c93c18d88,gridwell,false,,
r_635c93c18d88,fleetora,false,,
r_635c93c18d88,novahaul,false,,
r_52c25e84f848,corvane,true,3,neutral
r_52c25e84f848,trakvia,true,2,recommended
r_52c25e84f848,routelyne,true,4,recommended
r_52c25e84f848,gridwell,false,,
r_52c25e84f848,fleetora,false,,
r_52c25e84f848,novahaul,true,1,recommended
r_0e7279be82e1,corvane,false,,
r_0e7279be82e1,trakvia,true,1,neutral
r_0e7279be82e1,routelyne,false,,
r_0e7279be82e1,gridwell,true,2,neutral
r_0e7279be82e1,fleetora,false,,
r_0e7279be82e1,novahaul,true,3,recommended
r_8a7000758178,corvane,true,1,recommended
r_8a7000758178,trakvia,false,,
r_8a7000758178,routelyne,false,,
r_8a7000758178,gridwell,true,2,recommended
r_8a7000758178,fleetora,false,,
r_8a7000758178,novahaul,false,,
r_e07e7508df07,corvane,false,,
r_e07e7508df07,trakvia,false,,
r_e07e7508df07,routelyne,true,2,negative
r_e07e7508df07,gridwell,true,1,not_recommended
r_e07e7508df07,fleetora,false,,
r_e07e7508df07,novahaul,false,,
r_2a07c661bbeb,corvane,true,1,recommended
r_2a07c661bbeb,trakvia,false,,
r_2a07c661bbeb,routelyne,false,,
r_2a07c661bbeb,gridwell,true,2,neutral
r_2a07c661bbeb,fleetora,false,,
r_2a07c661bbeb,novahaul,false,,
r_e0aeae3b4a2a,corvane,false,,
r_e0aeae3b4a2a,trakvia,false,,
r_e0aeae3b4a2a,routelyne,false,,
r_e0aeae3b4a2a,gridwell,false,,
r_e0aeae3b4a2a,fleetora,true,1,recommended
r_e0aeae3b4a2a,novahaul,false,,
r_6d1180cb1665,corvane,true,1,recommended
r_6d1180cb1665,trakvia,false,,
r_6d1180cb1665,routelyne,false,,
r_6d1180cb1665,gridwell,false,,
r_6d1180cb1665,fleetora,false,,
r_6d1180cb1665,novahaul,false,,
r_b823c44cddae,corvane,true,1,recommended
r_b823c44cddae,trakvia,true,2,neutral
r_b823c44cddae,routelyne,false,,
r_b823c44cddae,gridwell,false,,
r_b823c44cddae,fleetora,false,,
r_b823c44cddae,novahaul,false,,
r_8c629ac4c08f,corvane,true,3,recommended
r_8c629ac4c08f,trakvia,true,1,not_recommended
r_8c629ac4c08f,routelyne,false,,
r_8c629ac4c08f,gridwell,true,2,not_recommended
r_8c629ac4c08f,fleetora,false,,
r_8c629ac4c08f,novahaul,false,,
r_6be54ee9898a,corvane,true,1,recommended
r_6be54ee9898a,trakvia,false,,
r_6be54ee9898a,routelyne,true,3,neutral
r_6be54ee9898a,gridwell,false,,
r_6be54ee9898a,fleetora,true,2,neutral
r_6be54ee9898a,novahaul,false,,
r_0804be39e107,corvane,true,4,recommended
r_0804be39e107,trakvia,false,,
r_0804be39e107,routelyne,true,2,neutral
r_0804be39e107,gridwell,true,1,not_recommended
r_0804be39e107,fleetora,true,3,neutral
r_0804be39e107,novahaul,false,,
r_e918791dfb27,corvane,false,,
r_e918791dfb27,trakvia,false,,
r_e918791dfb27,routelyne,true,2,recommended
r_e918791dfb27,gridwell,false,,
r_e918791dfb27,fleetora,true,1,neutral
r_e918791dfb27,novahaul,false,,
r_f576f39bca91,corvane,false,,
r_f576f39bca91,trakvia,false,,
r_f576f39bca91,routelyne,false,,
r_f576f39bca91,gridwell,false,,
r_f576f39bca91,fleetora,false,,
r_f576f39bca91,novahaul,false,,
r_a009029485fc,corvane,false,,
r_a009029485fc,trakvia,true,1,recommended
r_a009029485fc,routelyne,false,,
r_a009029485fc,gridwell,false,,
r_a009029485fc,fleetora,false,,
r_a009029485fc,novahaul,false,,
r_f07be8cc35e6,corvane,true,1,recommended
r_f07be8cc35e6,trakvia,false,,
r_f07be8cc35e6,routelyne,false,,
r_f07be8cc35e6,gridwell,false,,
r_f07be8cc35e6,fleetora,false,,
r_f07be8cc35e6,novahaul,false,,
r_b4e8e3028928,corvane,false,,
r_b4e8e3028928,trakvia,true,1,neutral
r_b4e8e3028928,routelyne,false,,
r_b4e8e3028928,gridwell,true,2,recommended
r_b4e8e3028928,fleetora,true,3,neutral
r_b4e8e3028928,novahaul,false,,
r_cfb0f711032e,corvane,false,,
r_cfb0f711032e,trakvia,false,,
r_cfb0f711032e,routelyne,false,,
r_cfb0f711032e,gridwell,false,,
r_cfb0f711032e,fleetora,false,,
r_cfb0f711032e,novahaul,true,1,neutral
r_e8ff63ded7af,corvane,true,3,recommended
r_e8ff63ded7af,trakvia,true,2,not_recommended
r_e8ff63ded7af,routelyne,true,1,not_recommended
r_e8ff63ded7af,gridwell,false,,
r_e8ff63ded7af,fleetora,false,,
r_e8ff63ded7af,novahaul,false,,
r_f980dafc84f9,corvane,true,3,negative
r_f980dafc84f9,trakvia,false,,
r_f980dafc84f9,routelyne,false,,
r_f980dafc84f9,gridwell,true,1,recommended
r_f980dafc84f9,fleetora,false,,
r_f980dafc84f9,novahaul,true,2,recommended
r_4c5e05d93d02,corvane,true,1,recommended
r_4c5e05d93d02,trakvia,false,,
r_4c5e05d93d02,routelyne,false,,
r_4c5e05d93d02,gridwell,false,,
r_4c5e05d93d02,fleetora,false,,
r_4c5e05d93d02,novahaul,true,2,recommended
r_fdba0d2dc37c,corvane,true,2,recommended
r_fdba0d2dc37c,trakvia,true,1,recommended
r_fdba0d2dc37c,routelyne,false,,
r_fdba0d2dc37c,gridwell,false,,
r_fdba0d2dc37c,fleetora,false,,
r_fdba0d2dc37c,novahaul,true,3,recommended
r_cd8e92cd6925,corvane,true,1,neutral
r_cd8e92cd6925,trakvia,false,,
r_cd8e92cd6925,routelyne,false,,
r_cd8e92cd6925,gridwell,false,,
r_cd8e92cd6925,fleetora,true,2,neutral
r_cd8e92cd6925,novahaul,false,,
r_9560b9b4e8ab,corvane,false,,
r_9560b9b4e8ab,trakvia,false,,
r_9560b9b4e8ab,routelyne,false,,
r_9560b9b4e8ab,gridwell,false,,
r_9560b9b4e8ab,fleetora,false,,
r_9560b9b4e8ab,novahaul,true,1,neutral
r_1ae13d7513eb,corvane,true,1,neutral
r_1ae13d7513eb,trakvia,true,2,neutral
r_1ae13d7513eb,routelyne,false,,
r_1ae13d7513eb,gridwell,false,,
r_1ae13d7513eb,fleetora,false,,
r_1ae13d7513eb,novahaul,false,,
r_36d4699ae808,corvane,true,2,neutral
r_36d4699ae808,trakvia,true,1,neutral
r_36d4699ae808,routelyne,false,,
r_36d4699ae808,gridwell,false,,
r_36d4699ae808,fleetora,false,,
r_36d4699ae808,novahaul,false,,
r_6e1ebbbb5fa9,corvane,false,,
r_6e1ebbbb5fa9,trakvia,true,1,recommended
r_6e1ebbbb5fa9,routelyne,true,2,recommended
r_6e1ebbbb5fa9,gridwell,false,,
r_6e1ebbbb5fa9,fleetora,false,,
r_6e1ebbbb5fa9,novahaul,false,,
r_8b469506f392,corvane,true,1,neutral
r_8b469506f392,trakvia,false,,
r_8b469506f392,routelyne,true,2,recommended
r_8b469506f392,gridwell,true,3,recommended
r_8b469506f392,fleetora,false,,
r_8b469506f392,novahaul,false,,
r_8f8e856e21a9,corvane,false,,
r_8f8e856e21a9,trakvia,true,1,recommended
r_8f8e856e21a9,routelyne,false,,
r_8f8e856e21a9,gridwell,true,2,neutral
r_8f8e856e21a9,fleetora,false,,
r_8f8e856e21a9,novahaul,false,,
r_1515ad4a89b7,corvane,false,,
r_1515ad4a89b7,trakvia,true,1,recommended
r_1515ad4a89b7,routelyne,false,,
r_1515ad4a89b7,gridwell,false,,
r_1515ad4a89b7,fleetora,false,,
r_1515ad4a89b7,novahaul,false,,
r_239f06c8551f,corvane,true,1,neutral
r_239f06c8551f,trakvia,false,,
r_239f06c8551f,routelyne,false,,
r_239f06c8551f,gridwell,false,,
r_239f06c8551f,fleetora,false,,
r_239f06c8551f,novahaul,false,,
r_df8790fca9cf,corvane,false,,
r_df8790fca9cf,trakvia,false,,
r_df8790fca9cf,routelyne,false,,
r_df8790fca9cf,gridwell,false,,
r_df8790fca9cf,fleetora,false,,
r_df8790fca9cf,novahaul,false,,
r_58e8d045434b,corvane,true,1,recommended
r_58e8d045434b,trakvia,false,,
r_58e8d045434b,routelyne,false,,
r_58e8d045434b,gridwell,true,2,recommended
r_58e8d045434b,fleetora,false,,
r_58e8d045434b,novahaul,false,,
r_8153ba1fdfe6,corvane,true,1,neutral
r_8153ba1fdfe6,trakvia,true,2,neutral
r_8153ba1fdfe6,routelyne,false,,
r_8153ba1fdfe6,gridwell,false,,
r_8153ba1fdfe6,fleetora,false,,
r_8153ba1fdfe6,novahaul,false,,
r_59984e1fba87,corvane,true,2,neutral
r_59984e1fba87,trakvia,false,,
r_59984e1fba87,routelyne,false,,
r_59984e1fba87,gridwell,true,1,neutral
r_59984e1fba87,fleetora,false,,
r_59984e1fba87,novahaul,false,,
r_4e8c56147e15,corvane,true,2,recommended
r_4e8c56147e15,trakvia,false,,
r_4e8c56147e15,routelyne,false,,
r_4e8c56147e15,gridwell,true,1,negative
r_4e8c56147e15,fleetora,true,3,recommended
r_4e8c56147e15,novahaul,false,,
r_48fd8847e3d0,corvane,false,,
r_48fd8847e3d0,trakvia,false,,
r_48fd8847e3d0,routelyne,false,,
r_48fd8847e3d0,gridwell,false,,
r_48fd8847e3d0,fleetora,false,,
r_48fd8847e3d0,novahaul,false,,
r_9f619a93b602,corvane,false,,
r_9f619a93b602,trakvia,false,,
r_9f619a93b602,routelyne,false,,
r_9f619a93b602,gridwell,false,,
r_9f619a93b602,fleetora,true,1,recommended
r_9f619a93b602,novahaul,false,,
r_77c322bdb2df,corvane,true,2,recommended
r_77c322bdb2df,trakvia,true,1,neutral
r_77c322bdb2df,routelyne,false,,
r_77c322bdb2df,gridwell,false,,
r_77c322bdb2df,fleetora,false,,
r_77c322bdb2df,novahaul,false,,
r_c2633103b140,corvane,true,2,neutral
r_c2633103b140,trakvia,false,,
r_c2633103b140,routelyne,false,,
r_c2633103b140,gridwell,true,1,not_recommended
r_c2633103b140,fleetora,false,,
r_c2633103b140,novahaul,false,,
r_d4514d38a8b6,corvane,true,1,recommended
r_d4514d38a8b6,trakvia,true,2,neutral
r_d4514d38a8b6,routelyne,false,,
r_d4514d38a8b6,gridwell,false,,
r_d4514d38a8b6,fleetora,false,,
r_d4514d38a8b6,novahaul,false,,
r_b674db635867,corvane,true,1,recommended
r_b674db635867,trakvia,false,,
r_b674db635867,routelyne,true,2,neutral
r_b674db635867,gridwell,false,,
r_b674db635867,fleetora,false,,
r_b674db635867,novahaul,false,,
r_e5879e2f89a2,corvane,false,,
r_e5879e2f89a2,trakvia,false,,
r_e5879e2f89a2,routelyne,false,,
r_e5879e2f89a2,gridwell,false,,
r_e5879e2f89a2,fleetora,false,,
r_e5879e2f89a2,novahaul,false,,
r_09de09cf52ee,corvane,true,2,recommended
r_09de09cf52ee,trakvia,true,1,recommended
r_09de09cf52ee,routelyne,false,,
r_09de09cf52ee,gridwell,false,,
r_09de09cf52ee,fleetora,false,,
r_09de09cf52ee,novahaul,false,,
r_b3029c1612d7,corvane,true,1,recommended
r_b3029c1612d7,trakvia,false,,
r_b3029c1612d7,routelyne,true,2,negative
r_b3029c1612d7,gridwell,false,,
r_b3029c1612d7,fleetora,false,,
r_b3029c1612d7,novahaul,false,,
r_76d7a483134e,corvane,true,3,neutral
r_76d7a483134e,trakvia,true,2,neutral
r_76d7a483134e,routelyne,true,1,neutral
r_76d7a483134e,gridwell,false,,
r_76d7a483134e,fleetora,false,,
r_76d7a483134e,novahaul,false,,
r_3a551965edff,corvane,true,2,recommended
r_3a551965edff,trakvia,false,,
r_3a551965edff,routelyne,true,1,recommended
r_3a551965edff,gridwell,false,,
r_3a551965edff,fleetora,false,,
r_3a551965edff,novahaul,false,,
r_52ed5de15c6a,corvane,true,4,neutral
r_52ed5de15c6a,trakvia,true,3,negative
r_52ed5de15c6a,routelyne,true,1,recommended
r_52ed5de15c6a,gridwell,false,,
r_52ed5de15c6a,fleetora,true,2,recommended
r_52ed5de15c6a,novahaul,false,,
r_485158dcf6ff,corvane,true,1,recommended
r_485158dcf6ff,trakvia,true,2,neutral
r_485158dcf6ff,routelyne,false,,
r_485158dcf6ff,gridwell,false,,
r_485158dcf6ff,fleetora,false,,
r_485158dcf6ff,novahaul,false,,
r_a2e86cb73e6f,corvane,false,,
r_a2e86cb73e6f,trakvia,false,,
r_a2e86cb73e6f,routelyne,false,,
r_a2e86cb73e6f,gridwell,false,,
r_a2e86cb73e6f,fleetora,false,,
r_a2e86cb73e6f,novahaul,true,1,recommended
r_a2e86cb73e6f,corvane,false,,
r_a2e86cb73e6f,trakvia,false,,
r_a2e86cb73e6f,routelyne,false,,
r_a2e86cb73e6f,gridwell,false,,
r_a2e86cb73e6f,fleetora,false,,
r_a2e86cb73e6f,novahaul,true,1,recommended
r_bf10e10c56b5,corvane,false,,
r_bf10e10c56b5,trakvia,true,2,neutral
r_bf10e10c56b5,routelyne,false,,
r_bf10e10c56b5,gridwell,false,,
r_bf10e10c56b5,fleetora,false,,
r_bf10e10c56b5,novahaul,true,1,recommended
r_6073671f40bc,corvane,true,3,neutral
r_6073671f40bc,trakvia,true,1,neutral
r_6073671f40bc,routelyne,false,,
r_6073671f40bc,gridwell,false,,
r_6073671f40bc,fleetora,true,2,neutral
r_6073671f40bc,novahaul,false,,
r_13c6c152435e,corvane,true,2,recommended
r_13c6c152435e,trakvia,true,3,neutral
r_13c6c152435e,routelyne,false,,
r_13c6c152435e,gridwell,false,,
r_13c6c152435e,fleetora,false,,
r_13c6c152435e,novahaul,true,1,recommended
r_13c6c152435e,corvane,true,2,recommended
r_13c6c152435e,trakvia,true,3,neutral
r_13c6c152435e,routelyne,false,,
r_13c6c152435e,gridwell,false,,
r_13c6c152435e,fleetora,false,,
r_13c6c152435e,novahaul,true,1,recommended
r_cbb3c24b5c1a,corvane,true,2,recommended
r_cbb3c24b5c1a,trakvia,true,1,neutral
r_cbb3c24b5c1a,routelyne,true,3,neutral
r_cbb3c24b5c1a,gridwell,false,,
r_cbb3c24b5c1a,fleetora,false,,
r_cbb3c24b5c1a,novahaul,false,,
r_cbb3c24b5c1a,corvane,true,2,recommended
r_cbb3c24b5c1a,trakvia,true,1,neutral
r_cbb3c24b5c1a,routelyne,true,3,neutral
r_cbb3c24b5c1a,gridwell,false,,
r_cbb3c24b5c1a,fleetora,false,,
r_cbb3c24b5c1a,novahaul,false,,
r_aaa43228ab3b,corvane,true,4,neutral
r_aaa43228ab3b,trakvia,true,1,neutral
r_aaa43228ab3b,routelyne,true,5,neutral
r_aaa43228ab3b,gridwell,false,,
r_aaa43228ab3b,fleetora,true,3,neutral
r_aaa43228ab3b,novahaul,true,2,neutral
r_ef52279dbb24,corvane,true,1,recommended
r_ef52279dbb24,trakvia,true,2,neutral
r_ef52279dbb24,routelyne,false,,
r_ef52279dbb24,gridwell,false,,
r_ef52279dbb24,fleetora,false,,
r_ef52279dbb24,novahaul,false,,
r_16541fad2a1e,corvane,false,,
r_16541fad2a1e,trakvia,true,5,not_recommended
r_16541fad2a1e,routelyne,true,3,neutral
r_16541fad2a1e,gridwell,true,4,negative
r_16541fad2a1e,fleetora,true,1,neutral
r_16541fad2a1e,novahaul,true,2,neutral
r_16541fad2a1e,corvane,false,,
r_16541fad2a1e,trakvia,true,5,not_recommended
r_16541fad2a1e,routelyne,true,3,neutral
r_16541fad2a1e,gridwell,true,4,negative
r_16541fad2a1e,fleetora,true,1,neutral
r_16541fad2a1e,novahaul,true,2,neutral
r_8a03c2511567,corvane,true,1,recommended
r_8a03c2511567,trakvia,true,4,neutral
r_8a03c2511567,routelyne,true,3,neutral
r_8a03c2511567,gridwell,false,,
r_8a03c2511567,fleetora,true,2,neutral
r_8a03c2511567,novahaul,false,,
r_8a03c2511567,corvane,true,1,recommended
r_8a03c2511567,trakvia,true,4,neutral
r_8a03c2511567,routelyne,true,3,neutral
r_8a03c2511567,gridwell,false,,
r_8a03c2511567,fleetora,true,2,neutral
r_8a03c2511567,novahaul,false,,
r_ab0b9d6c0cd0,corvane,true,3,not_recommended
r_ab0b9d6c0cd0,trakvia,true,1,recommended
r_ab0b9d6c0cd0,routelyne,false,,
r_ab0b9d6c0cd0,gridwell,true,2,neutral
r_ab0b9d6c0cd0,fleetora,false,,
r_ab0b9d6c0cd0,novahaul,false,,
r_ab0b9d6c0cd0,corvane,true,3,not_recommended
r_ab0b9d6c0cd0,trakvia,true,1,recommended
r_ab0b9d6c0cd0,routelyne,false,,
r_ab0b9d6c0cd0,gridwell,true,2,neutral
r_ab0b9d6c0cd0,fleetora,false,,
r_ab0b9d6c0cd0,novahaul,false,,
r_10f51a4289ac,corvane,false,,
r_10f51a4289ac,trakvia,true,1,recommended
r_10f51a4289ac,routelyne,false,,
r_10f51a4289ac,gridwell,true,2,neutral
r_10f51a4289ac,fleetora,false,,
r_10f51a4289ac,novahaul,false,,
r_10f51a4289ac,corvane,false,,
r_10f51a4289ac,trakvia,true,1,recommended
r_10f51a4289ac,routelyne,false,,
r_10f51a4289ac,gridwell,true,2,neutral
r_10f51a4289ac,fleetora,false,,
r_10f51a4289ac,novahaul,false,,
r_b50f4f865ba8,corvane,false,,
r_b50f4f865ba8,trakvia,true,1,neutral
r_b50f4f865ba8,routelyne,true,2,not_recommended
r_b50f4f865ba8,gridwell,false,,
r_b50f4f865ba8,fleetora,false,,
r_b50f4f865ba8,novahaul,false,,
r_a1133f54874e,corvane,false,,
r_a1133f54874e,trakvia,true,3,neutral
r_a1133f54874e,routelyne,true,4,neutral
r_a1133f54874e,gridwell,false,,
r_a1133f54874e,fleetora,true,1,recommended
r_a1133f54874e,novahaul,true,2,neutral
r_83efee75c643,corvane,false,,
r_83efee75c643,trakvia,true,1,recommended
r_83efee75c643,routelyne,false,,
r_83efee75c643,gridwell,false,,
r_83efee75c643,fleetora,false,,
r_83efee75c643,novahaul,false,,
r_6835cc0d4af8,corvane,false,,
r_6835cc0d4af8,trakvia,true,1,neutral
r_6835cc0d4af8,routelyne,false,,
r_6835cc0d4af8,gridwell,true,2,not_recommended
r_6835cc0d4af8,fleetora,false,,
r_6835cc0d4af8,novahaul,false,,
r_16b8fb2c75c7,corvane,true,1,recommended
r_16b8fb2c75c7,trakvia,false,,
r_16b8fb2c75c7,routelyne,true,2,neutral
r_16b8fb2c75c7,gridwell,true,3,neutral
r_16b8fb2c75c7,fleetora,false,,
r_16b8fb2c75c7,novahaul,false,,
r_b66cec61051e,corvane,true,1,recommended
r_b66cec61051e,trakvia,false,,
r_b66cec61051e,routelyne,true,2,neutral
r_b66cec61051e,gridwell,true,4,neutral
r_b66cec61051e,fleetora,true,3,recommended
r_b66cec61051e,novahaul,false,,
r_c5dcc99b3505,corvane,false,,
r_c5dcc99b3505,trakvia,false,,
r_c5dcc99b3505,routelyne,false,,
r_c5dcc99b3505,gridwell,false,,
r_c5dcc99b3505,fleetora,false,,
r_c5dcc99b3505,novahaul,false,,
r_f41feb411a33,corvane,false,,
r_f41feb411a33,trakvia,false,,
r_f41feb411a33,routelyne,false,,
r_f41feb411a33,gridwell,false,,
r_f41feb411a33,fleetora,false,,
r_f41feb411a33,novahaul,true,1,recommended
r_58e1602ef583,corvane,true,2,recommended
r_58e1602ef583,trakvia,false,,
r_58e1602ef583,routelyne,true,3,neutral
r_58e1602ef583,gridwell,true,4,neutral
r_58e1602ef583,fleetora,false,,
r_58e1602ef583,novahaul,true,1,neutral
r_e475b7053f3d,corvane,true,4,negative
r_e475b7053f3d,trakvia,true,1,recommended
r_e475b7053f3d,routelyne,true,2,recommended
r_e475b7053f3d,gridwell,true,3,negative
r_e475b7053f3d,fleetora,false,,
r_e475b7053f3d,novahaul,false,,
r_5e88d4018200,corvane,true,1,recommended
r_5e88d4018200,trakvia,true,2,neutral
r_5e88d4018200,routelyne,false,,
r_5e88d4018200,gridwell,true,3,neutral
r_5e88d4018200,fleetora,false,,
r_5e88d4018200,novahaul,false,,
r_e6d46551f510,corvane,true,3,not_recommended
r_e6d46551f510,trakvia,false,,
r_e6d46551f510,routelyne,false,,
r_e6d46551f510,gridwell,false,,
r_e6d46551f510,fleetora,true,1,recommended
r_e6d46551f510,novahaul,true,2,not_recommended
r_e6d46551f510,corvane,true,3,not_recommended
r_e6d46551f510,trakvia,false,,
r_e6d46551f510,routelyne,false,,
r_e6d46551f510,gridwell,false,,
r_e6d46551f510,fleetora,true,1,recommended
r_e6d46551f510,novahaul,true,2,not_recommended
r_43f0046bb1aa,corvane,false,,
r_43f0046bb1aa,trakvia,false,,
r_43f0046bb1aa,routelyne,true,2,negative
r_43f0046bb1aa,gridwell,false,,
r_43f0046bb1aa,fleetora,true,1,neutral
r_43f0046bb1aa,novahaul,false,,
r_326dba3292f0,corvane,false,,
r_326dba3292f0,trakvia,true,2,neutral
r_326dba3292f0,routelyne,false,,
r_326dba3292f0,gridwell,true,3,neutral
r_326dba3292f0,fleetora,false,,
r_326dba3292f0,novahaul,true,1,recommended
r_9cae7b02210c,corvane,false,,
r_9cae7b02210c,trakvia,false,,
r_9cae7b02210c,routelyne,true,1,neutral
r_9cae7b02210c,gridwell,false,,
r_9cae7b02210c,fleetora,false,,
r_9cae7b02210c,novahaul,false,,
r_035976b55698,corvane,false,,
r_035976b55698,trakvia,true,2,neutral
r_035976b55698,routelyne,false,,
r_035976b55698,gridwell,false,,
r_035976b55698,fleetora,true,1,neutral
r_035976b55698,novahaul,false,,
r_688ba3a8c7f5,corvane,true,1,neutral
r_688ba3a8c7f5,trakvia,true,2,neutral
r_688ba3a8c7f5,routelyne,true,4,neutral
r_688ba3a8c7f5,gridwell,false,,
r_688ba3a8c7f5,fleetora,true,3,recommended
r_688ba3a8c7f5,novahaul,false,,
r_cc27638630d7,corvane,false,,
r_cc27638630d7,trakvia,true,1,neutral
r_cc27638630d7,routelyne,true,2,recommended
r_cc27638630d7,gridwell,false,,
r_cc27638630d7,fleetora,false,,
r_cc27638630d7,novahaul,false,,
r_1e779c3e939e,corvane,true,4,neutral
r_1e779c3e939e,trakvia,true,1,recommended
r_1e779c3e939e,routelyne,false,,
r_1e779c3e939e,gridwell,true,2,neutral
r_1e779c3e939e,fleetora,true,3,neutral
r_1e779c3e939e,novahaul,false,,
r_fcf54b068105,corvane,false,,
r_fcf54b068105,trakvia,false,,
r_fcf54b068105,routelyne,false,,
r_fcf54b068105,gridwell,false,,
r_fcf54b068105,fleetora,false,,
r_fcf54b068105,novahaul,false,,
r_c34099737108,corvane,true,2,recommended
r_c34099737108,trakvia,false,,
r_c34099737108,routelyne,true,1,recommended
r_c34099737108,gridwell,true,3,neutral
r_c34099737108,fleetora,false,,
r_c34099737108,novahaul,false,,
r_e5f5bfa27367,corvane,false,,
r_e5f5bfa27367,trakvia,false,,
r_e5f5bfa27367,routelyne,true,1,recommended
r_e5f5bfa27367,gridwell,false,,
r_e5f5bfa27367,fleetora,false,,
r_e5f5bfa27367,novahaul,false,,
r_3f862c81958d,corvane,true,1,negative
r_3f862c81958d,trakvia,false,,
r_3f862c81958d,routelyne,false,,
r_3f862c81958d,gridwell,false,,
r_3f862c81958d,fleetora,false,,
r_3f862c81958d,novahaul,false,,
r_307edad6d082,corvane,true,1,recommended
r_307edad6d082,trakvia,false,,
r_307edad6d082,routelyne,false,,
r_307edad6d082,gridwell,false,,
r_307edad6d082,fleetora,false,,
r_307edad6d082,novahaul,false,,
r_2c1b160c52c0,corvane,true,2,recommended
r_2c1b160c52c0,trakvia,true,3,recommended
r_2c1b160c52c0,routelyne,false,,
r_2c1b160c52c0,gridwell,false,,
r_2c1b160c52c0,fleetora,false,,
r_2c1b160c52c0,novahaul,true,1,neutral
r_b25751d335fe,corvane,true,3,neutral
r_b25751d335fe,trakvia,true,4,neutral
r_b25751d335fe,routelyne,true,1,recommended
r_b25751d335fe,gridwell,false,,
r_b25751d335fe,fleetora,false,,
r_b25751d335fe,novahaul,true,2,neutral
r_07d26e0d092b,corvane,true,2,recommended
r_07d26e0d092b,trakvia,false,,
r_07d26e0d092b,routelyne,true,3,not_recommended
r_07d26e0d092b,gridwell,false,,
r_07d26e0d092b,fleetora,true,4,neutral
r_07d26e0d092b,novahaul,true,1,neutral
r_a023b7bcf2ba,corvane,true,3,recommended
r_a023b7bcf2ba,trakvia,false,,
r_a023b7bcf2ba,routelyne,true,2,negative
r_a023b7bcf2ba,gridwell,false,,
r_a023b7bcf2ba,fleetora,false,,
r_a023b7bcf2ba,novahaul,true,1,neutral
r_e29da4e09c54,corvane,false,,
r_e29da4e09c54,trakvia,true,2,recommended
r_e29da4e09c54,routelyne,false,,
r_e29da4e09c54,gridwell,true,1,recommended
r_e29da4e09c54,fleetora,false,,
r_e29da4e09c54,novahaul,false,,
r_856452669940,corvane,false,,
r_856452669940,trakvia,true,2,recommended
r_856452669940,routelyne,false,,
r_856452669940,gridwell,false,,
r_856452669940,fleetora,true,1,neutral
r_856452669940,novahaul,false,,
r_459b779cc4ad,corvane,true,1,recommended
r_459b779cc4ad,trakvia,false,,
r_459b779cc4ad,routelyne,true,2,neutral
r_459b779cc4ad,gridwell,false,,
r_459b779cc4ad,fleetora,false,,
r_459b779cc4ad,novahaul,true,3,recommended
r_e1188c503e01,corvane,true,2,recommended
r_e1188c503e01,trakvia,false,,
r_e1188c503e01,routelyne,false,,
r_e1188c503e01,gridwell,false,,
r_e1188c503e01,fleetora,true,1,neutral
r_e1188c503e01,novahaul,false,,
r_f2e7fa46fff4,corvane,false,,
r_f2e7fa46fff4,trakvia,true,2,neutral
r_f2e7fa46fff4,routelyne,true,1,recommended
r_f2e7fa46fff4,gridwell,false,,
r_f2e7fa46fff4,fleetora,false,,
r_f2e7fa46fff4,novahaul,false,,
r_8da2dcd9f33f,corvane,true,3,recommended
r_8da2dcd9f33f,trakvia,false,,
r_8da2dcd9f33f,routelyne,true,2,recommended
r_8da2dcd9f33f,gridwell,false,,
r_8da2dcd9f33f,fleetora,false,,
r_8da2dcd9f33f,novahaul,true,1,neutral
r_8c2d909e8645,corvane,false,,
r_8c2d909e8645,trakvia,true,1,not_recommended
r_8c2d909e8645,routelyne,true,2,neutral
r_8c2d909e8645,gridwell,true,3,neutral
r_8c2d909e8645,fleetora,true,4,recommended
r_8c2d909e8645,novahaul,false,,
r_0b1a37fccc56,corvane,true,4,neutral
r_0b1a37fccc56,trakvia,true,2,recommended
r_0b1a37fccc56,routelyne,false,,
r_0b1a37fccc56,gridwell,true,5,neutral
r_0b1a37fccc56,fleetora,true,1,recommended
r_0b1a37fccc56,novahaul,true,3,neutral
r_8a82979b6996,corvane,false,,
r_8a82979b6996,trakvia,true,2,recommended
r_8a82979b6996,routelyne,false,,
r_8a82979b6996,gridwell,false,,
r_8a82979b6996,fleetora,true,1,neutral
r_8a82979b6996,novahaul,false,,
r_e57fb5e0c1a3,corvane,true,1,recommended
r_e57fb5e0c1a3,trakvia,true,2,negative
r_e57fb5e0c1a3,routelyne,false,,
r_e57fb5e0c1a3,gridwell,false,,
r_e57fb5e0c1a3,fleetora,true,3,neutral
r_e57fb5e0c1a3,novahaul,false,,
r_7a1bd9ac2a8f,corvane,true,1,recommended
r_7a1bd9ac2a8f,trakvia,false,,
r_7a1bd9ac2a8f,routelyne,false,,
r_7a1bd9ac2a8f,gridwell,false,,
r_7a1bd9ac2a8f,fleetora,false,,
r_7a1bd9ac2a8f,novahaul,false,,
r_a8682dbda35f,corvane,false,,
r_a8682dbda35f,trakvia,false,,
r_a8682dbda35f,routelyne,true,2,recommended
r_a8682dbda35f,gridwell,true,1,recommended
r_a8682dbda35f,fleetora,false,,
r_a8682dbda35f,novahaul,false,,
r_2bacab4f8441,corvane,true,1,neutral
r_2bacab4f8441,trakvia,false,,
r_2bacab4f8441,routelyne,true,3,recommended
r_2bacab4f8441,gridwell,true,2,negative
r_2bacab4f8441,fleetora,false,,
r_2bacab4f8441,novahaul,false,,
r_cc6ccfb13ef5,corvane,true,2,not_recommended
r_cc6ccfb13ef5,trakvia,true,3,neutral
r_cc6ccfb13ef5,routelyne,true,4,negative
r_cc6ccfb13ef5,gridwell,true,1,neutral
r_cc6ccfb13ef5,fleetora,false,,
r_cc6ccfb13ef5,novahaul,false,,
r_f4f93399001f,corvane,true,1,not_recommended
r_f4f93399001f,trakvia,true,2,neutral
r_f4f93399001f,routelyne,false,,
r_f4f93399001f,gridwell,false,,
r_f4f93399001f,fleetora,false,,
r_f4f93399001f,novahaul,false,,
r_3efdb525038d,corvane,false,,
r_3efdb525038d,trakvia,true,2,neutral
r_3efdb525038d,routelyne,false,,
r_3efdb525038d,gridwell,false,,
r_3efdb525038d,fleetora,false,,
r_3efdb525038d,novahaul,true,1,neutral
r_edbb974c7765,corvane,false,,
r_edbb974c7765,trakvia,true,1,recommended
r_edbb974c7765,routelyne,false,,
r_edbb974c7765,gridwell,false,,
r_edbb974c7765,fleetora,false,,
r_edbb974c7765,novahaul,false,,
r_11e4b2d3858e,corvane,true,1,neutral
r_11e4b2d3858e,trakvia,true,2,neutral
r_11e4b2d3858e,routelyne,false,,
r_11e4b2d3858e,gridwell,false,,
r_11e4b2d3858e,fleetora,false,,
r_11e4b2d3858e,novahaul,false,,
r_8804d3b9970b,corvane,true,2,neutral
r_8804d3b9970b,trakvia,false,,
r_8804d3b9970b,routelyne,true,1,neutral
r_8804d3b9970b,gridwell,false,,
r_8804d3b9970b,fleetora,false,,
r_8804d3b9970b,novahaul,false,,
r_f94535f1829e,corvane,true,1,neutral
r_f94535f1829e,trakvia,true,2,recommended
r_f94535f1829e,routelyne,true,3,recommended
r_f94535f1829e,gridwell,false,,
r_f94535f1829e,fleetora,false,,
r_f94535f1829e,novahaul,false,,
r_9a2165e4a9f9,corvane,true,2,negative
r_9a2165e4a9f9,trakvia,false,,
r_9a2165e4a9f9,routelyne,false,,
r_9a2165e4a9f9,gridwell,true,1,recommended
r_9a2165e4a9f9,fleetora,false,,
r_9a2165e4a9f9,novahaul,false,,
r_114dc1c31bf3,corvane,true,1,neutral
r_114dc1c31bf3,trakvia,false,,
r_114dc1c31bf3,routelyne,false,,
r_114dc1c31bf3,gridwell,false,,
r_114dc1c31bf3,fleetora,false,,
r_114dc1c31bf3,novahaul,true,2,neutral
r_77a9cfddabe3,corvane,true,1,negative
r_77a9cfddabe3,trakvia,false,,
r_77a9cfddabe3,routelyne,false,,
r_77a9cfddabe3,gridwell,false,,
r_77a9cfddabe3,fleetora,false,,
r_77a9cfddabe3,novahaul,false,,
r_b596e3f92dda,corvane,true,1,recommended
r_b596e3f92dda,trakvia,true,4,neutral
r_b596e3f92dda,routelyne,false,,
r_b596e3f92dda,gridwell,true,3,neutral
r_b596e3f92dda,fleetora,false,,
r_b596e3f92dda,novahaul,true,2,recommended
r_4dbd527daa91,corvane,false,,
r_4dbd527daa91,trakvia,true,1,recommended
r_4dbd527daa91,routelyne,true,3,negative
r_4dbd527daa91,gridwell,false,,
r_4dbd527daa91,fleetora,true,2,neutral
r_4dbd527daa91,novahaul,false,,
r_3547cb3c0abc,corvane,false,,
r_3547cb3c0abc,trakvia,false,,
r_3547cb3c0abc,routelyne,false,,
r_3547cb3c0abc,gridwell,false,,
r_3547cb3c0abc,fleetora,false,,
r_3547cb3c0abc,novahaul,false,,
r_b0841269b4e4,corvane,true,2,not_recommended
r_b0841269b4e4,trakvia,true,1,not_recommended
r_b0841269b4e4,routelyne,false,,
r_b0841269b4e4,gridwell,false,,
r_b0841269b4e4,fleetora,false,,
r_b0841269b4e4,novahaul,false,,
r_15298dbdaecd,corvane,true,1,neutral
r_15298dbdaecd,trakvia,true,2,recommended
r_15298dbdaecd,routelyne,false,,
r_15298dbdaecd,gridwell,true,4,neutral
r_15298dbdaecd,fleetora,false,,
r_15298dbdaecd,novahaul,true,3,negative
r_3d4011bee616,corvane,true,3,neutral
r_3d4011bee616,trakvia,true,1,neutral
r_3d4011bee616,routelyne,true,4,neutral
r_3d4011bee616,gridwell,true,2,not_recommended
r_3d4011bee616,fleetora,false,,
r_3d4011bee616,novahaul,true,5,neutral
r_4f4aae2d9b69,corvane,false,,
r_4f4aae2d9b69,trakvia,true,4,recommended
r_4f4aae2d9b69,routelyne,true,3,not_recommended
r_4f4aae2d9b69,gridwell,true,1,neutral
r_4f4aae2d9b69,fleetora,true,2,not_recommended
r_4f4aae2d9b69,novahaul,false,,
r_8da19479bde4,corvane,false,,
r_8da19479bde4,trakvia,true,1,recommended
r_8da19479bde4,routelyne,false,,
r_8da19479bde4,gridwell,true,2,recommended
r_8da19479bde4,fleetora,false,,
r_8da19479bde4,novahaul,false,,
r_5e16453dc960,corvane,false,,
r_5e16453dc960,trakvia,true,1,recommended
r_5e16453dc960,routelyne,false,,
r_5e16453dc960,gridwell,false,,
r_5e16453dc960,fleetora,false,,
r_5e16453dc960,novahaul,false,,
r_666a66660a17,corvane,true,1,neutral
r_666a66660a17,trakvia,false,,
r_666a66660a17,routelyne,true,2,neutral
r_666a66660a17,gridwell,true,3,neutral
r_666a66660a17,fleetora,false,,
r_666a66660a17,novahaul,false,,
r_3b2be22d1d67,corvane,true,2,recommended
r_3b2be22d1d67,trakvia,true,1,recommended
r_3b2be22d1d67,routelyne,false,,
r_3b2be22d1d67,gridwell,false,,
r_3b2be22d1d67,fleetora,false,,
r_3b2be22d1d67,novahaul,false,,
r_462b1d5eb995,corvane,false,,
r_462b1d5eb995,trakvia,false,,
r_462b1d5eb995,routelyne,false,,
r_462b1d5eb995,gridwell,false,,
r_462b1d5eb995,fleetora,false,,
r_462b1d5eb995,novahaul,false,,
r_d13a5457d554,corvane,false,,
r_d13a5457d554,trakvia,false,,
r_d13a5457d554,routelyne,false,,
r_d13a5457d554,gridwell,true,1,not_recommended
r_d13a5457d554,fleetora,true,2,neutral
r_d13a5457d554,novahaul,false,,
r_9075903dc8a7,corvane,false,,
r_9075903dc8a7,trakvia,false,,
r_9075903dc8a7,routelyne,true,3,negative
r_9075903dc8a7,gridwell,true,1,neutral
r_9075903dc8a7,fleetora,true,2,neutral
r_9075903dc8a7,novahaul,false,,
r_4ac2f20f0ff9,corvane,true,1,recommended
r_4ac2f20f0ff9,trakvia,true,2,neutral
r_4ac2f20f0ff9,routelyne,true,4,neutral
r_4ac2f20f0ff9,gridwell,true,3,neutral
r_4ac2f20f0ff9,fleetora,false,,
r_4ac2f20f0ff9,novahaul,false,,
r_58812a9dd7d3,corvane,false,,
r_58812a9dd7d3,trakvia,false,,
r_58812a9dd7d3,routelyne,false,,
r_58812a9dd7d3,gridwell,false,,
r_58812a9dd7d3,fleetora,false,,
r_58812a9dd7d3,novahaul,false,,
r_836ac1834341,corvane,false,,
r_836ac1834341,trakvia,false,,
r_836ac1834341,routelyne,false,,
r_836ac1834341,gridwell,false,,
r_836ac1834341,fleetora,true,1,recommended
r_836ac1834341,novahaul,false,,
r_76a3e51cd8fb,corvane,true,3,recommended
r_76a3e51cd8fb,trakvia,true,2,negative
r_76a3e51cd8fb,routelyne,true,1,not_recommended
r_76a3e51cd8fb,gridwell,false,,
r_76a3e51cd8fb,fleetora,false,,
r_76a3e51cd8fb,novahaul,false,,
r_66ccccda211a,corvane,false,,
r_66ccccda211a,trakvia,true,3,recommended
r_66ccccda211a,routelyne,true,2,neutral
r_66ccccda211a,gridwell,true,1,neutral
r_66ccccda211a,fleetora,false,,
r_66ccccda211a,novahaul,false,,
r_d0a0271039bd,corvane,true,1,neutral
r_d0a0271039bd,trakvia,false,,
r_d0a0271039bd,routelyne,false,,
r_d0a0271039bd,gridwell,true,3,neutral
r_d0a0271039bd,fleetora,true,2,neutral
r_d0a0271039bd,novahaul,false,,
r_110435c2047e,corvane,true,1,negative
r_110435c2047e,trakvia,false,,
r_110435c2047e,routelyne,false,,
r_110435c2047e,gridwell,false,,
r_110435c2047e,fleetora,false,,
r_110435c2047e,novahaul,true,2,neutral
r_ad848adae1c5,corvane,true,1,neutral
r_ad848adae1c5,trakvia,false,,
r_ad848adae1c5,routelyne,false,,
r_ad848adae1c5,gridwell,false,,
r_ad848adae1c5,fleetora,false,,
r_ad848adae1c5,novahaul,false,,
r_429a144b9986,corvane,false,,
r_429a144b9986,trakvia,false,,
r_429a144b9986,routelyne,false,,
r_429a144b9986,gridwell,false,,
r_429a144b9986,fleetora,false,,
r_429a144b9986,novahaul,false,,
r_44663faacab8,corvane,true,1,recommended
r_44663faacab8,trakvia,false,,
r_44663faacab8,routelyne,false,,
r_44663faacab8,gridwell,false,,
r_44663faacab8,fleetora,false,,
r_44663faacab8,novahaul,true,2,neutral
r_0cd146ced33a,corvane,true,2,recommended
r_0cd146ced33a,trakvia,false,,
r_0cd146ced33a,routelyne,false,,
r_0cd146ced33a,gridwell,false,,
r_0cd146ced33a,fleetora,true,1,recommended
r_0cd146ced33a,novahaul,false,,
r_466db1f2723b,corvane,false,,
r_466db1f2723b,trakvia,true,1,recommended
r_466db1f2723b,routelyne,false,,
r_466db1f2723b,gridwell,false,,
r_466db1f2723b,fleetora,false,,
r_466db1f2723b,novahaul,false,,
r_20527e149f84,corvane,false,,
r_20527e149f84,trakvia,false,,
r_20527e149f84,routelyne,true,3,neutral
r_20527e149f84,gridwell,true,1,neutral
r_20527e149f84,fleetora,true,2,neutral
r_20527e149f84,novahaul,false,,
r_821306625b4c,corvane,true,2,neutral
r_821306625b4c,trakvia,true,4,neutral
r_821306625b4c,routelyne,true,5,negative
r_821306625b4c,gridwell,true,6,not_recommended
r_821306625b4c,fleetora,true,1,recommended
r_821306625b4c,novahaul,true,3,neutral
r_01b6058286da,corvane,true,2,neutral
r_01b6058286da,trakvia,true,1,recommended
r_01b6058286da,routelyne,false,,
r_01b6058286da,gridwell,false,,
r_01b6058286da,fleetora,true,3,neutral
r_01b6058286da,novahaul,false,,
r_3f0f3911a254,corvane,true,1,neutral
r_3f0f3911a254,trakvia,false,,
r_3f0f3911a254,routelyne,false,,
r_3f0f3911a254,gridwell,false,,
r_3f0f3911a254,fleetora,false,,
r_3f0f3911a254,novahaul,false,,
r_e710fda77428,corvane,true,2,neutral
r_e710fda77428,trakvia,false,,
r_e710fda77428,routelyne,true,1,negative
r_e710fda77428,gridwell,false,,
r_e710fda77428,fleetora,false,,
r_e710fda77428,novahaul,false,,
r_b5599f07191f,corvane,true,1,recommended
r_b5599f07191f,trakvia,true,2,recommended
r_b5599f07191f,routelyne,false,,
r_b5599f07191f,gridwell,false,,
r_b5599f07191f,fleetora,false,,
r_b5599f07191f,novahaul,false,,
r_98f37d150258,corvane,true,1,neutral
r_98f37d150258,trakvia,true,3,neutral
r_98f37d150258,routelyne,false,,
r_98f37d150258,gridwell,true,2,neutral
r_98f37d150258,fleetora,false,,
r_98f37d150258,novahaul,false,,
r_566af6a71638,corvane,true,2,recommended
r_566af6a71638,trakvia,true,3,neutral
r_566af6a71638,routelyne,true,4,neutral
r_566af6a71638,gridwell,true,1,recommended
r_566af6a71638,fleetora,false,,
r_566af6a71638,novahaul,false,,
r_2454137d6342,corvane,true,4,neutral
r_2454137d6342,trakvia,true,2,recommended
r_2454137d6342,routelyne,false,,
r_2454137d6342,gridwell,true,5,not_recommended
r_2454137d6342,fleetora,true,3,neutral
r_2454137d6342,novahaul,true,1,recommended
r_59ae45680228,corvane,false,,
r_59ae45680228,trakvia,true,1,neutral
r_59ae45680228,routelyne,true,2,neutral
r_59ae45680228,gridwell,false,,
r_59ae45680228,fleetora,false,,
r_59ae45680228,novahaul,false,,
r_42fa97ff40b0,corvane,true,1,neutral
r_42fa97ff40b0,trakvia,true,3,recommended
r_42fa97ff40b0,routelyne,true,5,negative
r_42fa97ff40b0,gridwell,true,2,not_recommended
r_42fa97ff40b0,fleetora,true,4,neutral
r_42fa97ff40b0,novahaul,false,,
r_98d1a6f2ac3d,corvane,false,,
r_98d1a6f2ac3d,trakvia,true,2,recommended
r_98d1a6f2ac3d,routelyne,true,3,neutral
r_98d1a6f2ac3d,gridwell,true,1,recommended
r_98d1a6f2ac3d,fleetora,false,,
r_98d1a6f2ac3d,novahaul,false,,
r_c0bf52469ed7,corvane,true,2,neutral
r_c0bf52469ed7,trakvia,true,1,recommended
r_c0bf52469ed7,routelyne,false,,
r_c0bf52469ed7,gridwell,false,,
r_c0bf52469ed7,fleetora,false,,
r_c0bf52469ed7,novahaul,false,,
r_972e00861e80,corvane,true,1,recommended
r_972e00861e80,trakvia,true,2,neutral
r_972e00861e80,routelyne,false,,
r_972e00861e80,gridwell,true,3,neutral
r_972e00861e80,fleetora,false,,
r_972e00861e80,novahaul,false,,
r_32eacd7935d5,corvane,true,2,recommended
r_32eacd7935d5,trakvia,true,3,neutral
r_32eacd7935d5,routelyne,true,1,negative
r_32eacd7935d5,gridwell,false,,
r_32eacd7935d5,fleetora,false,,
r_32eacd7935d5,novahaul,false,,
r_6cce02122fc4,corvane,true,2,neutral
r_6cce02122fc4,trakvia,false,,
r_6cce02122fc4,routelyne,false,,
r_6cce02122fc4,gridwell,true,1,neutral
r_6cce02122fc4,fleetora,false,,
r_6cce02122fc4,novahaul,false,,
r_214aec48d1d6,corvane,true,1,recommended
r_214aec48d1d6,trakvia,false,,
r_214aec48d1d6,routelyne,false,,
r_214aec48d1d6,gridwell,true,2,not_recommended
r_214aec48d1d6,fleetora,false,,
r_214aec48d1d6,novahaul,false,,
r_3cdb8045dfc9,corvane,true,2,recommended
r_3cdb8045dfc9,trakvia,true,3,neutral
r_3cdb8045dfc9,routelyne,true,1,recommended
r_3cdb8045dfc9,gridwell,true,5,neutral
r_3cdb8045dfc9,fleetora,false,,
r_3cdb8045dfc9,novahaul,true,4,neutral
r_f14a952f39f7,corvane,true,1,recommended
r_f14a952f39f7,trakvia,false,,
r_f14a952f39f7,routelyne,false,,
r_f14a952f39f7,gridwell,true,2,neutral
r_f14a952f39f7,fleetora,false,,
r_f14a952f39f7,novahaul,false,,
r_84b0014e4d1a,corvane,false,,
r_84b0014e4d1a,trakvia,false,,
r_84b0014e4d1a,routelyne,false,,
r_84b0014e4d1a,gridwell,false,,
r_84b0014e4d1a,fleetora,true,1,recommended
r_84b0014e4d1a,novahaul,false,,
r_f84e7b14b979,corvane,true,2,recommended
r_f84e7b14b979,trakvia,false,,
r_f84e7b14b979,routelyne,false,,
r_f84e7b14b979,gridwell,false,,
r_f84e7b14b979,fleetora,true,1,recommended
r_f84e7b14b979,novahaul,false,,
r_0e4918d00ecc,corvane,false,,
r_0e4918d00ecc,trakvia,true,2,negative
r_0e4918d00ecc,routelyne,false,,
r_0e4918d00ecc,gridwell,false,,
r_0e4918d00ecc,fleetora,true,1,neutral
r_0e4918d00ecc,novahaul,false,,
r_595b0b9112c1,corvane,true,1,neutral
r_595b0b9112c1,trakvia,false,,
r_595b0b9112c1,routelyne,false,,
r_595b0b9112c1,gridwell,false,,
r_595b0b9112c1,fleetora,false,,
r_595b0b9112c1,novahaul,false,,
r_b83d1f38a7e0,corvane,true,2,recommended
r_b83d1f38a7e0,trakvia,false,,
r_b83d1f38a7e0,routelyne,false,,
r_b83d1f38a7e0,gridwell,true,4,neutral
r_b83d1f38a7e0,fleetora,true,1,neutral
r_b83d1f38a7e0,novahaul,true,3,neutral
r_8b1f278e90a9,corvane,true,2,neutral
r_8b1f278e90a9,trakvia,true,3,recommended
r_8b1f278e90a9,routelyne,false,,
r_8b1f278e90a9,gridwell,false,,
r_8b1f278e90a9,fleetora,true,1,negative
r_8b1f278e90a9,novahaul,false,,
r_6c5068187b11,corvane,false,,
r_6c5068187b11,trakvia,false,,
r_6c5068187b11,routelyne,false,,
r_6c5068187b11,gridwell,true,2,not_recommended
r_6c5068187b11,fleetora,false,,
r_6c5068187b11,novahaul,true,1,neutral
r_d97d861eb8df,corvane,false,,
r_d97d861eb8df,trakvia,false,,
r_d97d861eb8df,routelyne,false,,
r_d97d861eb8df,gridwell,false,,
r_d97d861eb8df,fleetora,true,1,recommended
r_d97d861eb8df,novahaul,true,2,recommended
r_c8cc8cd6191c,corvane,false,,
r_c8cc8cd6191c,trakvia,true,2,recommended
r_c8cc8cd6191c,routelyne,false,,
r_c8cc8cd6191c,gridwell,true,1,neutral
r_c8cc8cd6191c,fleetora,false,,
r_c8cc8cd6191c,novahaul,false,,
r_61c783b0ce6e,corvane,false,,
r_61c783b0ce6e,trakvia,true,2,neutral
r_61c783b0ce6e,routelyne,false,,
r_61c783b0ce6e,gridwell,false,,
r_61c783b0ce6e,fleetora,true,1,neutral
r_61c783b0ce6e,novahaul,false,,
r_c270776f7ec9,corvane,false,,
r_c270776f7ec9,trakvia,false,,
r_c270776f7ec9,routelyne,true,1,neutral
r_c270776f7ec9,gridwell,false,,
r_c270776f7ec9,fleetora,false,,
r_c270776f7ec9,novahaul,false,,
r_23fefddad08c,corvane,true,2,recommended
r_23fefddad08c,trakvia,true,1,recommended
r_23fefddad08c,routelyne,false,,
r_23fefddad08c,gridwell,false,,
r_23fefddad08c,fleetora,false,,
r_23fefddad08c,novahaul,false,,
r_a96d3c18566d,corvane,true,1,recommended
r_a96d3c18566d,trakvia,false,,
r_a96d3c18566d,routelyne,false,,
r_a96d3c18566d,gridwell,true,2,recommended
r_a96d3c18566d,fleetora,false,,
r_a96d3c18566d,novahaul,false,,
r_08f6e1272b39,corvane,true,2,neutral
r_08f6e1272b39,trakvia,true,1,recommended
r_08f6e1272b39,routelyne,false,,
r_08f6e1272b39,gridwell,false,,
r_08f6e1272b39,fleetora,false,,
r_08f6e1272b39,novahaul,false,,
r_4c857da8da8b,corvane,true,4,recommended
r_4c857da8da8b,trakvia,true,2,recommended
r_4c857da8da8b,routelyne,false,,
r_4c857da8da8b,gridwell,true,3,neutral
r_4c857da8da8b,fleetora,false,,
r_4c857da8da8b,novahaul,true,1,recommended
r_1fa602ddbb89,corvane,true,2,neutral
r_1fa602ddbb89,trakvia,true,3,recommended
r_1fa602ddbb89,routelyne,true,1,neutral
r_1fa602ddbb89,gridwell,false,,
r_1fa602ddbb89,fleetora,false,,
r_1fa602ddbb89,novahaul,false,,
r_9aa468c43c3c,corvane,true,1,recommended
r_9aa468c43c3c,trakvia,false,,
r_9aa468c43c3c,routelyne,false,,
r_9aa468c43c3c,gridwell,true,3,neutral
r_9aa468c43c3c,fleetora,false,,
r_9aa468c43c3c,novahaul,true,2,neutral
r_e0aa92729628,corvane,true,3,recommended
r_e0aa92729628,trakvia,true,2,recommended
r_e0aa92729628,routelyne,false,,
r_e0aa92729628,gridwell,false,,
r_e0aa92729628,fleetora,false,,
r_e0aa92729628,novahaul,true,1,recommended
r_b83420d619fc,corvane,true,1,recommended
r_b83420d619fc,trakvia,true,2,neutral
r_b83420d619fc,routelyne,false,,
r_b83420d619fc,gridwell,false,,
r_b83420d619fc,fleetora,false,,
r_b83420d619fc,novahaul,false,,
r_7799791c6f13,corvane,true,2,not_recommended
r_7799791c6f13,trakvia,true,1,not_recommended
r_7799791c6f13,routelyne,false,,
r_7799791c6f13,gridwell,false,,
r_7799791c6f13,fleetora,false,,
r_7799791c6f13,novahaul,false,,
r_ca5bdc80889f,corvane,true,1,recommended
r_ca5bdc80889f,trakvia,true,2,recommended
r_ca5bdc80889f,routelyne,true,3,neutral
r_ca5bdc80889f,gridwell,false,,
r_ca5bdc80889f,fleetora,false,,
r_ca5bdc80889f,novahaul,false,,
r_b63c1b030329,corvane,false,,
r_b63c1b030329,trakvia,true,1,not_recommended
r_b63c1b030329,routelyne,true,2,not_recommended
r_b63c1b030329,gridwell,false,,
r_b63c1b030329,fleetora,false,,
r_b63c1b030329,novahaul,false,,
r_f51ce763e1b4,corvane,false,,
r_f51ce763e1b4,trakvia,true,2,neutral
r_f51ce763e1b4,routelyne,true,3,neutral
r_f51ce763e1b4,gridwell,false,,
r_f51ce763e1b4,fleetora,false,,
r_f51ce763e1b4,novahaul,true,1,recommended
r_5c6e95d68d8e,corvane,false,,
r_5c6e95d68d8e,trakvia,true,1,recommended
r_5c6e95d68d8e,routelyne,false,,
r_5c6e95d68d8e,gridwell,true,2,neutral
r_5c6e95d68d8e,fleetora,false,,
r_5c6e95d68d8e,novahaul,false,,
r_0e8b80fa3b47,corvane,false,,
r_0e8b80fa3b47,trakvia,true,2,neutral
r_0e8b80fa3b47,routelyne,true,1,not_recommended
r_0e8b80fa3b47,gridwell,false,,
r_0e8b80fa3b47,fleetora,false,,
r_0e8b80fa3b47,novahaul,false,,
r_2816becfaa9e,corvane,true,1,recommended
r_2816becfaa9e,trakvia,true,2,neutral
r_2816becfaa9e,routelyne,false,,
r_2816becfaa9e,gridwell,true,3,neutral
r_2816becfaa9e,fleetora,false,,
r_2816becfaa9e,novahaul,false,,
r_2532fc686cc4,corvane,true,1,recommended
r_2532fc686cc4,trakvia,false,,
r_2532fc686cc4,routelyne,false,,
r_2532fc686cc4,gridwell,true,3,negative
r_2532fc686cc4,fleetora,false,,
r_2532fc686cc4,novahaul,true,2,neutral
r_0ed5a033dcd7,corvane,false,,
r_0ed5a033dcd7,trakvia,true,1,negative
r_0ed5a033dcd7,routelyne,false,,
r_0ed5a033dcd7,gridwell,false,,
r_0ed5a033dcd7,fleetora,true,2,neutral
r_0ed5a033dcd7,novahaul,false,,
r_a95f9ef5e778,corvane,true,4,neutral
r_a95f9ef5e778,trakvia,false,,
r_a95f9ef5e778,routelyne,true,3,recommended
r_a95f9ef5e778,gridwell,true,2,neutral
r_a95f9ef5e778,fleetora,true,1,negative
r_a95f9ef5e778,novahaul,false,,
r_ba52c81cc994,corvane,true,1,neutral
r_ba52c81cc994,trakvia,false,,
r_ba52c81cc994,routelyne,true,2,neutral
r_ba52c81cc994,gridwell,true,3,neutral
r_ba52c81cc994,fleetora,false,,
r_ba52c81cc994,novahaul,false,,
r_7b8ce6822980,corvane,false,,
r_7b8ce6822980,trakvia,false,,
r_7b8ce6822980,routelyne,false,,
r_7b8ce6822980,gridwell,false,,
r_7b8ce6822980,fleetora,false,,
r_7b8ce6822980,novahaul,false,,
r_f5d4bfdcea9a,corvane,false,,
r_f5d4bfdcea9a,trakvia,false,,
r_f5d4bfdcea9a,routelyne,false,,
r_f5d4bfdcea9a,gridwell,false,,
r_f5d4bfdcea9a,fleetora,false,,
r_f5d4bfdcea9a,novahaul,false,,
r_259001e3f862,corvane,true,3,neutral
r_259001e3f862,trakvia,true,1,neutral
r_259001e3f862,routelyne,false,,
r_259001e3f862,gridwell,true,2,neutral
r_259001e3f862,fleetora,false,,
r_259001e3f862,novahaul,false,,
r_9e215aac5c93,corvane,true,2,recommended
r_9e215aac5c93,trakvia,true,1,neutral
r_9e215aac5c93,routelyne,false,,
r_9e215aac5c93,gridwell,false,,
r_9e215aac5c93,fleetora,false,,
r_9e215aac5c93,novahaul,false,,
r_3bb7b04f102a,corvane,true,2,recommended
r_3bb7b04f102a,trakvia,false,,
r_3bb7b04f102a,routelyne,false,,
r_3bb7b04f102a,gridwell,true,1,recommended
r_3bb7b04f102a,fleetora,false,,
r_3bb7b04f102a,novahaul,false,,
r_89f5cd22c29b,corvane,true,2,recommended
r_89f5cd22c29b,trakvia,false,,
r_89f5cd22c29b,routelyne,true,3,neutral
r_89f5cd22c29b,gridwell,false,,
r_89f5cd22c29b,fleetora,false,,
r_89f5cd22c29b,novahaul,true,1,recommended
r_58e69ea22755,corvane,true,2,neutral
r_58e69ea22755,trakvia,false,,
r_58e69ea22755,routelyne,false,,
r_58e69ea22755,gridwell,false,,
r_58e69ea22755,fleetora,false,,
r_58e69ea22755,novahaul,true,1,recommended
r_b989f6db0bbe,corvane,true,2,neutral
r_b989f6db0bbe,trakvia,false,,
r_b989f6db0bbe,routelyne,true,1,not_recommended
r_b989f6db0bbe,gridwell,false,,
r_b989f6db0bbe,fleetora,false,,
r_b989f6db0bbe,novahaul,false,,
r_fe345f23d81f,corvane,false,,
r_fe345f23d81f,trakvia,true,1,neutral
r_fe345f23d81f,routelyne,true,2,recommended
r_fe345f23d81f,gridwell,false,,
r_fe345f23d81f,fleetora,false,,
r_fe345f23d81f,novahaul,false,,
r_b3695c41d865,corvane,false,,
r_b3695c41d865,trakvia,false,,
r_b3695c41d865,routelyne,true,1,negative
r_b3695c41d865,gridwell,false,,
r_b3695c41d865,fleetora,false,,
r_b3695c41d865,novahaul,false,,
r_abb179c217f7,corvane,true,3,neutral
r_abb179c217f7,trakvia,false,,
r_abb179c217f7,routelyne,true,1,recommended
r_abb179c217f7,gridwell,false,,
r_abb179c217f7,fleetora,true,2,neutral
r_abb179c217f7,novahaul,false,,
r_6cf40d5c0aef,corvane,true,3,neutral
r_6cf40d5c0aef,trakvia,true,1,neutral
r_6cf40d5c0aef,routelyne,false,,
r_6cf40d5c0aef,gridwell,true,2,neutral
r_6cf40d5c0aef,fleetora,false,,
r_6cf40d5c0aef,novahaul,false,,
r_ed31d57b18ed,corvane,true,2,neutral
r_ed31d57b18ed,trakvia,true,1,recommended
r_ed31d57b18ed,routelyne,false,,
r_ed31d57b18ed,gridwell,false,,
r_ed31d57b18ed,fleetora,false,,
r_ed31d57b18ed,novahaul,false,,
r_c6d40bcb75b8,corvane,true,1,neutral
r_c6d40bcb75b8,trakvia,true,2,neutral
r_c6d40bcb75b8,routelyne,false,,
r_c6d40bcb75b8,gridwell,true,3,recommended
r_c6d40bcb75b8,fleetora,false,,
r_c6d40bcb75b8,novahaul,false,,
r_77083a858f9b,corvane,true,2,recommended
r_77083a858f9b,trakvia,true,3,recommended
r_77083a858f9b,routelyne,true,1,negative
r_77083a858f9b,gridwell,false,,
r_77083a858f9b,fleetora,false,,
r_77083a858f9b,novahaul,true,4,recommended
r_da33fdb22548,corvane,true,1,recommended
r_da33fdb22548,trakvia,false,,
r_da33fdb22548,routelyne,false,,
r_da33fdb22548,gridwell,false,,
r_da33fdb22548,fleetora,false,,
r_da33fdb22548,novahaul,true,2,neutral
r_184cf00f51c4,corvane,false,,
r_184cf00f51c4,trakvia,true,2,neutral
r_184cf00f51c4,routelyne,false,,
r_184cf00f51c4,gridwell,false,,
r_184cf00f51c4,fleetora,false,,
r_184cf00f51c4,novahaul,true,1,negative
r_92190f652b72,corvane,true,2,recommended
r_92190f652b72,trakvia,true,1,neutral
r_92190f652b72,routelyne,false,,
r_92190f652b72,gridwell,false,,
r_92190f652b72,fleetora,false,,
r_92190f652b72,novahaul,false,,
r_a8bfc5356bfd,corvane,true,3,neutral
r_a8bfc5356bfd,trakvia,true,4,not_recommended
r_a8bfc5356bfd,routelyne,true,1,neutral
r_a8bfc5356bfd,gridwell,true,5,not_recommended
r_a8bfc5356bfd,fleetora,true,2,recommended
r_a8bfc5356bfd,novahaul,false,,
r_18ade6a3dd0d,corvane,true,4,negative
r_18ade6a3dd0d,trakvia,true,2,recommended
r_18ade6a3dd0d,routelyne,false,,
r_18ade6a3dd0d,gridwell,true,3,neutral
r_18ade6a3dd0d,fleetora,true,1,neutral
r_18ade6a3dd0d,novahaul,false,,
r_e93a5e23ff27,corvane,false,,
r_e93a5e23ff27,trakvia,true,2,recommended
r_e93a5e23ff27,routelyne,true,3,recommended
r_e93a5e23ff27,gridwell,true,1,neutral
r_e93a5e23ff27,fleetora,false,,
r_e93a5e23ff27,novahaul,false,,
r_aa61bf676b4b,corvane,false,,
r_aa61bf676b4b,trakvia,true,2,recommended
r_aa61bf676b4b,routelyne,true,1,recommended
r_aa61bf676b4b,gridwell,false,,
r_aa61bf676b4b,fleetora,false,,
r_aa61bf676b4b,novahaul,false,,
r_f73973ed3afa,corvane,false,,
r_f73973ed3afa,trakvia,true,1,recommended
r_f73973ed3afa,routelyne,false,,
r_f73973ed3afa,gridwell,false,,
r_f73973ed3afa,fleetora,false,,
r_f73973ed3afa,novahaul,false,,
r_ffaef8a727bf,corvane,true,2,recommended
r_ffaef8a727bf,trakvia,true,1,recommended
r_ffaef8a727bf,routelyne,false,,
r_ffaef8a727bf,gridwell,false,,
r_ffaef8a727bf,fleetora,false,,
r_ffaef8a727bf,novahaul,false,,
r_d81c5bc30ad5,corvane,false,,
r_d81c5bc30ad5,trakvia,true,2,not_recommended
r_d81c5bc30ad5,routelyne,true,1,not_recommended
r_d81c5bc30ad5,gridwell,false,,
r_d81c5bc30ad5,fleetora,false,,
r_d81c5bc30ad5,novahaul,false,,
r_b6f95864ff78,corvane,true,2,recommended
r_b6f95864ff78,trakvia,true,3,neutral
r_b6f95864ff78,routelyne,false,,
r_b6f95864ff78,gridwell,true,1,neutral
r_b6f95864ff78,fleetora,true,4,neutral
r_b6f95864ff78,novahaul,false,,
r_07a1fe7cbf25,corvane,false,,
r_07a1fe7cbf25,trakvia,false,,
r_07a1fe7cbf25,routelyne,false,,
r_07a1fe7cbf25,gridwell,false,,
r_07a1fe7cbf25,fleetora,false,,
r_07a1fe7cbf25,novahaul,true,1,neutral
r_9c55b97b84ac,corvane,false,,
r_9c55b97b84ac,trakvia,false,,
r_9c55b97b84ac,routelyne,true,1,neutral
r_9c55b97b84ac,gridwell,false,,
r_9c55b97b84ac,fleetora,false,,
r_9c55b97b84ac,novahaul,false,,
r_18360d93bf3d,corvane,true,2,neutral
r_18360d93bf3d,trakvia,false,,
r_18360d93bf3d,routelyne,true,1,negative
r_18360d93bf3d,gridwell,true,3,neutral
r_18360d93bf3d,fleetora,false,,
r_18360d93bf3d,novahaul,false,,
r_3a50f95b5db8,corvane,true,2,recommended
r_3a50f95b5db8,trakvia,false,,
r_3a50f95b5db8,routelyne,false,,
r_3a50f95b5db8,gridwell,true,1,not_recommended
r_3a50f95b5db8,fleetora,false,,
r_3a50f95b5db8,novahaul,false,,
r_ccb41ef906c7,corvane,false,,
r_ccb41ef906c7,trakvia,false,,
r_ccb41ef906c7,routelyne,false,,
r_ccb41ef906c7,gridwell,false,,
r_ccb41ef906c7,fleetora,false,,
r_ccb41ef906c7,novahaul,false,,
r_7e71fee5c5d5,corvane,false,,
r_7e71fee5c5d5,trakvia,true,2,negative
r_7e71fee5c5d5,routelyne,false,,
r_7e71fee5c5d5,gridwell,true,1,neutral
r_7e71fee5c5d5,fleetora,false,,
r_7e71fee5c5d5,novahaul,false,,
r_08381c9393a0,corvane,true,2,recommended
r_08381c9393a0,trakvia,false,,
r_08381c9393a0,routelyne,false,,
r_08381c9393a0,gridwell,false,,
r_08381c9393a0,fleetora,true,1,neutral
r_08381c9393a0,novahaul,false,,
r_6e27512f4587,corvane,true,1,recommended
r_6e27512f4587,trakvia,false,,
r_6e27512f4587,routelyne,true,3,neutral
r_6e27512f4587,gridwell,false,,
r_6e27512f4587,fleetora,false,,
r_6e27512f4587,novahaul,true,2,recommended
r_50f67e20f40d,corvane,true,1,neutral
r_50f67e20f40d,trakvia,false,,
r_50f67e20f40d,routelyne,false,,
r_50f67e20f40d,gridwell,false,,
r_50f67e20f40d,fleetora,false,,
r_50f67e20f40d,novahaul,false,,
r_8c9c23c0de29,corvane,true,2,neutral
r_8c9c23c0de29,trakvia,false,,
r_8c9c23c0de29,routelyne,true,1,negative
r_8c9c23c0de29,gridwell,false,,
r_8c9c23c0de29,fleetora,false,,
r_8c9c23c0de29,novahaul,false,,
r_614dbea63b11,corvane,true,3,recommended
r_614dbea63b11,trakvia,true,1,not_recommended
r_614dbea63b11,routelyne,true,2,neutral
r_614dbea63b11,gridwell,false,,
r_614dbea63b11,fleetora,false,,
r_614dbea63b11,novahaul,false,,
r_a96609f1b73c,corvane,false,,
r_a96609f1b73c,trakvia,true,1,recommended
r_a96609f1b73c,routelyne,false,,
r_a96609f1b73c,gridwell,false,,
r_a96609f1b73c,fleetora,false,,
r_a96609f1b73c,novahaul,false,,
r_5e62ba5be70c,corvane,true,1,neutral
r_5e62ba5be70c,trakvia,false,,
r_5e62ba5be70c,routelyne,true,3,negative
r_5e62ba5be70c,gridwell,true,2,neutral
r_5e62ba5be70c,fleetora,false,,
r_5e62ba5be70c,novahaul,false,,
r_c9795dfe6770,corvane,false,,
r_c9795dfe6770,trakvia,false,,
r_c9795dfe6770,routelyne,true,1,negative
r_c9795dfe6770,gridwell,false,,
r_c9795dfe6770,fleetora,false,,
r_c9795dfe6770,novahaul,false,,
r_a40be49f4716,corvane,false,,
r_a40be49f4716,trakvia,true,2,recommended
r_a40be49f4716,routelyne,true,1,neutral
r_a40be49f4716,gridwell,false,,
r_a40be49f4716,fleetora,false,,
r_a40be49f4716,novahaul,false,,
r_48acd2347a17,corvane,true,2,neutral
r_48acd2347a17,trakvia,true,4,not_recommended
r_48acd2347a17,routelyne,true,1,neutral
r_48acd2347a17,gridwell,true,3,not_recommended
r_48acd2347a17,fleetora,false,,
r_48acd2347a17,novahaul,false,,
r_6975e591e120,corvane,false,,
r_6975e591e120,trakvia,true,2,recommended
r_6975e591e120,routelyne,false,,
r_6975e591e120,gridwell,false,,
r_6975e591e120,fleetora,true,1,neutral
r_6975e591e120,novahaul,false,,
r_eba2c8562b83,corvane,false,,
r_eba2c8562b83,trakvia,true,1,recommended
r_eba2c8562b83,routelyne,false,,
r_eba2c8562b83,gridwell,true,2,recommended
r_eba2c8562b83,fleetora,false,,
r_eba2c8562b83,novahaul,false,,
r_bb309ea3a4d6,corvane,true,2,neutral
r_bb309ea3a4d6,trakvia,false,,
r_bb309ea3a4d6,routelyne,false,,
r_bb309ea3a4d6,gridwell,true,1,neutral
r_bb309ea3a4d6,fleetora,false,,
r_bb309ea3a4d6,novahaul,false,,
r_43d53d30944f,corvane,true,1,recommended
r_43d53d30944f,trakvia,true,2,neutral
r_43d53d30944f,routelyne,false,,
r_43d53d30944f,gridwell,true,3,neutral
r_43d53d30944f,fleetora,false,,
r_43d53d30944f,novahaul,false,,
r_ef689678fa41,corvane,true,4,neutral
r_ef689678fa41,trakvia,true,2,recommended
r_ef689678fa41,routelyne,true,1,neutral
r_ef689678fa41,gridwell,false,,
r_ef689678fa41,fleetora,true,3,neutral
r_ef689678fa41,novahaul,false,,
r_45c06d07e851,corvane,true,2,neutral
r_45c06d07e851,trakvia,false,,
r_45c06d07e851,routelyne,false,,
r_45c06d07e851,gridwell,true,1,recommended
r_45c06d07e851,fleetora,false,,
r_45c06d07e851,novahaul,false,,
r_af07f3755749,corvane,true,2,neutral
r_af07f3755749,trakvia,true,1,neutral
r_af07f3755749,routelyne,false,,
r_af07f3755749,gridwell,false,,
r_af07f3755749,fleetora,false,,
r_af07f3755749,novahaul,false,,
r_f0c9f5405128,corvane,true,3,recommended
r_f0c9f5405128,trakvia,true,1,recommended
r_f0c9f5405128,routelyne,false,,
r_f0c9f5405128,gridwell,false,,
r_f0c9f5405128,fleetora,false,,
r_f0c9f5405128,novahaul,true,2,recommended
r_2d515e37cf51,corvane,false,,
r_2d515e37cf51,trakvia,true,1,recommended
r_2d515e37cf51,routelyne,true,3,neutral
r_2d515e37cf51,gridwell,false,,
r_2d515e37cf51,fleetora,false,,
r_2d515e37cf51,novahaul,true,2,recommended
r_d4f9fd439aba,corvane,false,,
r_d4f9fd439aba,trakvia,false,,
r_d4f9fd439aba,routelyne,true,2,negative
r_d4f9fd439aba,gridwell,false,,
r_d4f9fd439aba,fleetora,false,,
r_d4f9fd439aba,novahaul,true,1,recommended
r_11653dd137f7,corvane,false,,
r_11653dd137f7,trakvia,true,1,recommended
r_11653dd137f7,routelyne,false,,
r_11653dd137f7,gridwell,false,,
r_11653dd137f7,fleetora,true,3,neutral
r_11653dd137f7,novahaul,true,2,recommended
r_6a1dc3bfeac0,corvane,false,,
r_6a1dc3bfeac0,trakvia,true,1,recommended
r_6a1dc3bfeac0,routelyne,true,2,neutral
r_6a1dc3bfeac0,gridwell,false,,
r_6a1dc3bfeac0,fleetora,false,,
r_6a1dc3bfeac0,novahaul,false,,
r_540c9b4fbef1,corvane,true,1,recommended
r_540c9b4fbef1,trakvia,false,,
r_540c9b4fbef1,routelyne,true,2,recommended
r_540c9b4fbef1,gridwell,false,,
r_540c9b4fbef1,fleetora,false,,
r_540c9b4fbef1,novahaul,false,,
r_19a72f181702,corvane,false,,
r_19a72f181702,trakvia,true,1,neutral
r_19a72f181702,routelyne,false,,
r_19a72f181702,gridwell,false,,
r_19a72f181702,fleetora,false,,
r_19a72f181702,novahaul,false,,
r_b587001ebe84,corvane,true,1,neutral
r_b587001ebe84,trakvia,true,2,neutral
r_b587001ebe84,routelyne,true,3,neutral
r_b587001ebe84,gridwell,false,,
r_b587001ebe84,fleetora,false,,
r_b587001ebe84,novahaul,false,,
r_07cc4ca2a168,corvane,false,,
r_07cc4ca2a168,trakvia,true,1,neutral
r_07cc4ca2a168,routelyne,true,3,recommended
r_07cc4ca2a168,gridwell,true,2,neutral
r_07cc4ca2a168,fleetora,false,,
r_07cc4ca2a168,novahaul,false,,
r_d985ecfe9984,corvane,false,,
r_d985ecfe9984,trakvia,true,2,not_recommended
r_d985ecfe9984,routelyne,true,1,neutral
r_d985ecfe9984,gridwell,true,3,not_recommended
r_d985ecfe9984,fleetora,false,,
r_d985ecfe9984,novahaul,false,,
r_1e33bd7b2239,corvane,true,2,recommended
r_1e33bd7b2239,trakvia,true,3,neutral
r_1e33bd7b2239,routelyne,false,,
r_1e33bd7b2239,gridwell,true,5,neutral
r_1e33bd7b2239,fleetora,true,1,recommended
r_1e33bd7b2239,novahaul,true,4,neutral
r_999cd660e0f8,corvane,false,,
r_999cd660e0f8,trakvia,false,,
r_999cd660e0f8,routelyne,false,,
r_999cd660e0f8,gridwell,false,,
r_999cd660e0f8,fleetora,true,1,recommended
r_999cd660e0f8,novahaul,false,,
r_49946873e38c,corvane,false,,
r_49946873e38c,trakvia,false,,
r_49946873e38c,routelyne,false,,
r_49946873e38c,gridwell,false,,
r_49946873e38c,fleetora,false,,
r_49946873e38c,novahaul,false,,
r_6807f9571551,corvane,true,2,neutral
r_6807f9571551,trakvia,false,,
r_6807f9571551,routelyne,false,,
r_6807f9571551,gridwell,false,,
r_6807f9571551,fleetora,false,,
r_6807f9571551,novahaul,true,1,neutral
r_ee1416352a8f,corvane,false,,
r_ee1416352a8f,trakvia,false,,
r_ee1416352a8f,routelyne,true,1,neutral
r_ee1416352a8f,gridwell,false,,
r_ee1416352a8f,fleetora,false,,
r_ee1416352a8f,novahaul,true,2,recommended
r_b031351aba4a,corvane,true,1,recommended
r_b031351aba4a,trakvia,false,,
r_b031351aba4a,routelyne,true,3,not_recommended
r_b031351aba4a,gridwell,true,2,neutral
r_b031351aba4a,fleetora,false,,
r_b031351aba4a,novahaul,false,,
r_e67b22b5005f,corvane,true,1,recommended
r_e67b22b5005f,trakvia,false,,
r_e67b22b5005f,routelyne,false,,
r_e67b22b5005f,gridwell,false,,
r_e67b22b5005f,fleetora,false,,
r_e67b22b5005f,novahaul,true,2,neutral
r_45197fd45342,corvane,true,2,neutral
r_45197fd45342,trakvia,false,,
r_45197fd45342,routelyne,true,1,recommended
r_45197fd45342,gridwell,false,,
r_45197fd45342,fleetora,false,,
r_45197fd45342,novahaul,false,,
r_c7dbc6db1e71,corvane,false,,
r_c7dbc6db1e71,trakvia,false,,
r_c7dbc6db1e71,routelyne,false,,
r_c7dbc6db1e71,gridwell,false,,
r_c7dbc6db1e71,fleetora,false,,
r_c7dbc6db1e71,novahaul,false,,
r_6806681d5b5a,corvane,true,3,recommended
r_6806681d5b5a,trakvia,true,2,recommended
r_6806681d5b5a,routelyne,false,,
r_6806681d5b5a,gridwell,false,,
r_6806681d5b5a,fleetora,true,1,recommended
r_6806681d5b5a,novahaul,false,,
r_42f911c637ef,corvane,true,3,negative
r_42f911c637ef,trakvia,true,2,neutral
r_42f911c637ef,routelyne,true,1,not_recommended
r_42f911c637ef,gridwell,false,,
r_42f911c637ef,fleetora,false,,
r_42f911c637ef,novahaul,false,,
r_bf238c68ad62,corvane,true,2,negative
r_bf238c68ad62,trakvia,true,1,neutral
r_bf238c68ad62,routelyne,false,,
r_bf238c68ad62,gridwell,false,,
r_bf238c68ad62,fleetora,false,,
r_bf238c68ad62,novahaul,true,3,neutral
r_6cf003b4fe1c,corvane,true,1,neutral
r_6cf003b4fe1c,trakvia,false,,
r_6cf003b4fe1c,routelyne,true,2,recommended
r_6cf003b4fe1c,gridwell,false,,
r_6cf003b4fe1c,fleetora,true,3,recommended
r_6cf003b4fe1c,novahaul,false,,
r_6d532d5e2fd1,corvane,true,3,recommended
r_6d532d5e2fd1,trakvia,true,1,recommended
r_6d532d5e2fd1,routelyne,false,,
r_6d532d5e2fd1,gridwell,true,2,neutral
r_6d532d5e2fd1,fleetora,false,,
r_6d532d5e2fd1,novahaul,false,,
r_55d30ff95a7b,corvane,false,,
r_55d30ff95a7b,trakvia,true,1,recommended
r_55d30ff95a7b,routelyne,false,,
r_55d30ff95a7b,gridwell,false,,
r_55d30ff95a7b,fleetora,false,,
r_55d30ff95a7b,novahaul,false,,
r_26bc1ebaaf74,corvane,false,,
r_26bc1ebaaf74,trakvia,true,2,recommended
r_26bc1ebaaf74,routelyne,true,1,recommended
r_26bc1ebaaf74,gridwell,false,,
r_26bc1ebaaf74,fleetora,true,4,neutral
r_26bc1ebaaf74,novahaul,true,3,recommended
r_fc1db235543d,corvane,true,3,recommended
r_fc1db235543d,trakvia,false,,
r_fc1db235543d,routelyne,true,2,neutral
r_fc1db235543d,gridwell,false,,
r_fc1db235543d,fleetora,false,,
r_fc1db235543d,novahaul,true,1,recommended
r_13c9d184f71d,corvane,true,1,recommended
r_13c9d184f71d,trakvia,false,,
r_13c9d184f71d,routelyne,false,,
r_13c9d184f71d,gridwell,true,2,neutral
r_13c9d184f71d,fleetora,false,,
r_13c9d184f71d,novahaul,true,3,neutral
r_0dbf4d477951,corvane,false,,
r_0dbf4d477951,trakvia,false,,
r_0dbf4d477951,routelyne,false,,
r_0dbf4d477951,gridwell,false,,
r_0dbf4d477951,fleetora,true,2,neutral
r_0dbf4d477951,novahaul,true,1,recommended
r_c9b221059cc9,corvane,true,3,recommended
r_c9b221059cc9,trakvia,true,1,not_recommended
r_c9b221059cc9,routelyne,false,,
r_c9b221059cc9,gridwell,true,2,recommended
r_c9b221059cc9,fleetora,false,,
r_c9b221059cc9,novahaul,true,4,neutral
r_043fbf2f0c11,corvane,false,,
r_043fbf2f0c11,trakvia,false,,
r_043fbf2f0c11,routelyne,false,,
r_043fbf2f0c11,gridwell,false,,
r_043fbf2f0c11,fleetora,false,,
r_043fbf2f0c11,novahaul,false,,
r_42ff32f06ecf,corvane,true,4,recommended
r_42ff32f06ecf,trakvia,true,3,neutral
r_42ff32f06ecf,routelyne,true,2,negative
r_42ff32f06ecf,gridwell,false,,
r_42ff32f06ecf,fleetora,false,,
r_42ff32f06ecf,novahaul,true,1,neutral
r_1d51a9d105ff,corvane,false,,
r_1d51a9d105ff,trakvia,false,,
r_1d51a9d105ff,routelyne,true,2,recommended
r_1d51a9d105ff,gridwell,false,,
r_1d51a9d105ff,fleetora,true,1,neutral
r_1d51a9d105ff,novahaul,false,,
r_172bc3f90734,corvane,false,,
r_172bc3f90734,trakvia,true,3,recommended
r_172bc3f90734,routelyne,true,1,neutral
r_172bc3f90734,gridwell,true,2,neutral
r_172bc3f90734,fleetora,true,4,recommended
r_172bc3f90734,novahaul,false,,
r_cc2a53de5c64,corvane,false,,
r_cc2a53de5c64,trakvia,true,3,neutral
r_cc2a53de5c64,routelyne,true,1,recommended
r_cc2a53de5c64,gridwell,true,2,not_recommended
r_cc2a53de5c64,fleetora,false,,
r_cc2a53de5c64,novahaul,false,,
r_8f53698b2b6c,corvane,false,,
r_8f53698b2b6c,trakvia,true,2,neutral
r_8f53698b2b6c,routelyne,false,,
r_8f53698b2b6c,gridwell,true,1,neutral
r_8f53698b2b6c,fleetora,false,,
r_8f53698b2b6c,novahaul,false,,
r_817073db6b69,corvane,false,,
r_817073db6b69,trakvia,false,,
r_817073db6b69,routelyne,true,1,negative
r_817073db6b69,gridwell,false,,
r_817073db6b69,fleetora,false,,
r_817073db6b69,novahaul,false,,
r_2bd74e4e3db1,corvane,false,,
r_2bd74e4e3db1,trakvia,true,2,neutral
r_2bd74e4e3db1,routelyne,false,,
r_2bd74e4e3db1,gridwell,true,3,neutral
r_2bd74e4e3db1,fleetora,true,1,neutral
r_2bd74e4e3db1,novahaul,false,,
r_dd723e7a13f9,corvane,false,,
r_dd723e7a13f9,trakvia,false,,
r_dd723e7a13f9,routelyne,true,1,recommended
r_dd723e7a13f9,gridwell,false,,
r_dd723e7a13f9,fleetora,false,,
r_dd723e7a13f9,novahaul,false,,
r_e1c7c9d36c17,corvane,true,3,neutral
r_e1c7c9d36c17,trakvia,true,4,neutral
r_e1c7c9d36c17,routelyne,false,,
r_e1c7c9d36c17,gridwell,true,5,neutral
r_e1c7c9d36c17,fleetora,true,2,neutral
r_e1c7c9d36c17,novahaul,true,1,neutral
r_f7e44f2f2456,corvane,false,,
r_f7e44f2f2456,trakvia,true,4,recommended
r_f7e44f2f2456,routelyne,true,1,neutral
r_f7e44f2f2456,gridwell,true,3,neutral
r_f7e44f2f2456,fleetora,true,2,recommended
r_f7e44f2f2456,novahaul,false,,
r_96747a84b5ef,corvane,false,,
r_96747a84b5ef,trakvia,false,,
r_96747a84b5ef,routelyne,true,1,recommended
r_96747a84b5ef,gridwell,false,,
r_96747a84b5ef,fleetora,true,2,recommended
r_96747a84b5ef,novahaul,false,,
r_811c8f1efd8f,corvane,true,2,recommended
r_811c8f1efd8f,trakvia,false,,
r_811c8f1efd8f,routelyne,true,3,negative
r_811c8f1efd8f,gridwell,false,,
r_811c8f1efd8f,fleetora,true,1,recommended
r_811c8f1efd8f,novahaul,false,,
r_d05c95a79550,corvane,false,,
r_d05c95a79550,trakvia,false,,
r_d05c95a79550,routelyne,false,,
r_d05c95a79550,gridwell,false,,
r_d05c95a79550,fleetora,false,,
r_d05c95a79550,novahaul,false,,
r_39b102f7d43f,corvane,true,1,recommended
r_39b102f7d43f,trakvia,true,2,not_recommended
r_39b102f7d43f,routelyne,false,,
r_39b102f7d43f,gridwell,true,3,not_recommended
r_39b102f7d43f,fleetora,false,,
r_39b102f7d43f,novahaul,false,,
r_1b69169a6a18,corvane,true,1,neutral
r_1b69169a6a18,trakvia,false,,
r_1b69169a6a18,routelyne,false,,
r_1b69169a6a18,gridwell,false,,
r_1b69169a6a18,fleetora,false,,
r_1b69169a6a18,novahaul,false,,
r_29ec51e06d87,corvane,false,,
r_29ec51e06d87,trakvia,true,2,neutral
r_29ec51e06d87,routelyne,false,,
r_29ec51e06d87,gridwell,false,,
r_29ec51e06d87,fleetora,false,,
r_29ec51e06d87,novahaul,true,1,neutral
r_af7a3a2157ac,corvane,false,,
r_af7a3a2157ac,trakvia,false,,
r_af7a3a2157ac,routelyne,true,1,neutral
r_af7a3a2157ac,gridwell,false,,
r_af7a3a2157ac,fleetora,false,,
r_af7a3a2157ac,novahaul,false,,
r_27827ac3f0a0,corvane,true,1,recommended
r_27827ac3f0a0,trakvia,false,,
r_27827ac3f0a0,routelyne,false,,
r_27827ac3f0a0,gridwell,false,,
r_27827ac3f0a0,fleetora,false,,
r_27827ac3f0a0,novahaul,true,2,recommended
r_b4d2633540f5,corvane,true,2,negative
r_b4d2633540f5,trakvia,false,,
r_b4d2633540f5,routelyne,true,3,neutral
r_b4d2633540f5,gridwell,false,,
r_b4d2633540f5,fleetora,false,,
r_b4d2633540f5,novahaul,true,1,neutral
r_6d36af3204fd,corvane,true,1,neutral
r_6d36af3204fd,trakvia,false,,
r_6d36af3204fd,routelyne,false,,
r_6d36af3204fd,gridwell,false,,
r_6d36af3204fd,fleetora,false,,
r_6d36af3204fd,novahaul,false,,
r_7c072a5ff962,corvane,true,1,negative
r_7c072a5ff962,trakvia,false,,
r_7c072a5ff962,routelyne,true,2,recommended
r_7c072a5ff962,gridwell,false,,
r_7c072a5ff962,fleetora,false,,
r_7c072a5ff962,novahaul,false,,
r_42d4b0c3024e,corvane,true,3,neutral
r_42d4b0c3024e,trakvia,true,2,neutral
r_42d4b0c3024e,routelyne,true,1,neutral
r_42d4b0c3024e,gridwell,true,4,neutral
r_42d4b0c3024e,fleetora,true,5,neutral
r_42d4b0c3024e,novahaul,false,,
r_6933be4d36b0,corvane,true,2,negative
r_6933be4d36b0,trakvia,false,,
r_6933be4d36b0,routelyne,false,,
r_6933be4d36b0,gridwell,false,,
r_6933be4d36b0,fleetora,false,,
r_6933be4d36b0,novahaul,true,1,neutral
r_771c8d142f1b,corvane,true,1,neutral
r_771c8d142f1b,trakvia,false,,
r_771c8d142f1b,routelyne,false,,
r_771c8d142f1b,gridwell,false,,
r_771c8d142f1b,fleetora,false,,
r_771c8d142f1b,novahaul,false,,
r_fff8d665ddc2,corvane,false,,
r_fff8d665ddc2,trakvia,true,2,recommended
r_fff8d665ddc2,routelyne,true,1,neutral
r_fff8d665ddc2,gridwell,false,,
r_fff8d665ddc2,fleetora,false,,
r_fff8d665ddc2,novahaul,true,3,recommended
r_20e95d644c61,corvane,false,,
r_20e95d644c61,trakvia,true,2,recommended
r_20e95d644c61,routelyne,false,,
r_20e95d644c61,gridwell,false,,
r_20e95d644c61,fleetora,false,,
r_20e95d644c61,novahaul,true,1,recommended
r_bb2a4233e084,corvane,true,1,recommended
r_bb2a4233e084,trakvia,true,2,neutral
r_bb2a4233e084,routelyne,false,,
r_bb2a4233e084,gridwell,false,,
r_bb2a4233e084,fleetora,false,,
r_bb2a4233e084,novahaul,false,,
r_ba000ef09cf8,corvane,false,,
r_ba000ef09cf8,trakvia,true,1,recommended
r_ba000ef09cf8,routelyne,true,2,neutral
r_ba000ef09cf8,gridwell,true,3,recommended
r_ba000ef09cf8,fleetora,false,,
r_ba000ef09cf8,novahaul,true,4,neutral
r_c281e5b8513b,corvane,true,3,neutral
r_c281e5b8513b,trakvia,true,1,neutral
r_c281e5b8513b,routelyne,true,2,recommended
r_c281e5b8513b,gridwell,false,,
r_c281e5b8513b,fleetora,false,,
r_c281e5b8513b,novahaul,false,,
r_9021ab26e81b,corvane,true,2,negative
r_9021ab26e81b,trakvia,true,1,neutral
r_9021ab26e81b,routelyne,false,,
r_9021ab26e81b,gridwell,false,,
r_9021ab26e81b,fleetora,false,,
r_9021ab26e81b,novahaul,false,,
r_b905e97a6657,corvane,true,2,negative
r_b905e97a6657,trakvia,true,4,neutral
r_b905e97a6657,routelyne,true,1,recommended
r_b905e97a6657,gridwell,false,,
r_b905e97a6657,fleetora,false,,
r_b905e97a6657,novahaul,true,3,negative
r_224f3bf515bc,corvane,true,1,recommended
r_224f3bf515bc,trakvia,false,,
r_224f3bf515bc,routelyne,true,2,neutral
r_224f3bf515bc,gridwell,false,,
r_224f3bf515bc,fleetora,false,,
r_224f3bf515bc,novahaul,false,,
r_306f1896fa60,corvane,true,1,recommended
r_306f1896fa60,trakvia,true,3,recommended
r_306f1896fa60,routelyne,false,,
r_306f1896fa60,gridwell,true,2,not_recommended
r_306f1896fa60,fleetora,false,,
r_306f1896fa60,novahaul,false,,
r_24d2c4d1cd99,corvane,false,,
r_24d2c4d1cd99,trakvia,true,2,recommended
r_24d2c4d1cd99,routelyne,false,,
r_24d2c4d1cd99,gridwell,false,,
r_24d2c4d1cd99,fleetora,true,1,neutral
r_24d2c4d1cd99,novahaul,false,,
r_49993bfeb4f6,corvane,true,2,neutral
r_49993bfeb4f6,trakvia,false,,
r_49993bfeb4f6,routelyne,true,1,neutral
r_49993bfeb4f6,gridwell,false,,
r_49993bfeb4f6,fleetora,false,,
r_49993bfeb4f6,novahaul,false,,
r_cfcc5c3712c2,corvane,false,,
r_cfcc5c3712c2,trakvia,true,1,recommended
r_cfcc5c3712c2,routelyne,true,2,negative
r_cfcc5c3712c2,gridwell,false,,
r_cfcc5c3712c2,fleetora,false,,
r_cfcc5c3712c2,novahaul,false,,
r_1747ea2dca5d,corvane,true,1,recommended
r_1747ea2dca5d,trakvia,true,2,neutral
r_1747ea2dca5d,routelyne,true,3,neutral
r_1747ea2dca5d,gridwell,false,,
r_1747ea2dca5d,fleetora,false,,
r_1747ea2dca5d,novahaul,false,,
r_e8b0a891b6b3,corvane,false,,
r_e8b0a891b6b3,trakvia,true,1,recommended
r_e8b0a891b6b3,routelyne,false,,
r_e8b0a891b6b3,gridwell,false,,
r_e8b0a891b6b3,fleetora,false,,
r_e8b0a891b6b3,novahaul,false,,
r_624f283b08f2,corvane,true,3,not_recommended
r_624f283b08f2,trakvia,true,4,not_recommended
r_624f283b08f2,routelyne,true,2,neutral
r_624f283b08f2,gridwell,true,5,neutral
r_624f283b08f2,fleetora,true,1,neutral
r_624f283b08f2,novahaul,false,,
r_5cb3a2531c6a,corvane,true,1,negative
r_5cb3a2531c6a,trakvia,true,3,recommended
r_5cb3a2531c6a,routelyne,true,4,neutral
r_5cb3a2531c6a,gridwell,true,2,recommended
r_5cb3a2531c6a,fleetora,false,,
r_5cb3a2531c6a,novahaul,true,5,recommended
r_8f92f2638a11,corvane,true,1,recommended
r_8f92f2638a11,trakvia,false,,
r_8f92f2638a11,routelyne,false,,
r_8f92f2638a11,gridwell,false,,
r_8f92f2638a11,fleetora,true,3,neutral
r_8f92f2638a11,novahaul,true,2,recommended
r_ab03ce40111b,corvane,false,,
r_ab03ce40111b,trakvia,false,,
r_ab03ce40111b,routelyne,false,,
r_ab03ce40111b,gridwell,true,1,neutral
r_ab03ce40111b,fleetora,false,,
r_ab03ce40111b,novahaul,false,,
r_a6179fa344a0,corvane,false,,
r_a6179fa344a0,trakvia,true,1,recommended
r_a6179fa344a0,routelyne,true,2,recommended
r_a6179fa344a0,gridwell,false,,
r_a6179fa344a0,fleetora,false,,
r_a6179fa344a0,novahaul,false,,
r_2c728adcae7d,corvane,true,3,recommended
r_2c728adcae7d,trakvia,true,2,recommended
r_2c728adcae7d,routelyne,true,1,recommended
r_2c728adcae7d,gridwell,false,,
r_2c728adcae7d,fleetora,false,,
r_2c728adcae7d,novahaul,false,,
r_03c6c81990f1,corvane,true,1,negative
r_03c6c81990f1,trakvia,false,,
r_03c6c81990f1,routelyne,false,,
r_03c6c81990f1,gridwell,false,,
r_03c6c81990f1,fleetora,false,,
r_03c6c81990f1,novahaul,false,,
r_40254143ebf5,corvane,true,1,recommended
r_40254143ebf5,trakvia,false,,
r_40254143ebf5,routelyne,true,2,neutral
r_40254143ebf5,gridwell,false,,
r_40254143ebf5,fleetora,false,,
r_40254143ebf5,novahaul,false,,
r_6625c96ba41a,corvane,false,,
r_6625c96ba41a,trakvia,false,,
r_6625c96ba41a,routelyne,false,,
r_6625c96ba41a,gridwell,false,,
r_6625c96ba41a,fleetora,false,,
r_6625c96ba41a,novahaul,false,,
r_ac9d0b34928f,corvane,false,,
r_ac9d0b34928f,trakvia,true,1,neutral
r_ac9d0b34928f,routelyne,false,,
r_ac9d0b34928f,gridwell,false,,
r_ac9d0b34928f,fleetora,false,,
r_ac9d0b34928f,novahaul,false,,
r_8c3769e58518,corvane,true,2,neutral
r_8c3769e58518,trakvia,true,3,not_recommended
r_8c3769e58518,routelyne,true,1,negative
r_8c3769e58518,gridwell,false,,
r_8c3769e58518,fleetora,false,,
r_8c3769e58518,novahaul,false,,
r_024278b05b32,corvane,true,1,recommended
r_024278b05b32,trakvia,false,,
r_024278b05b32,routelyne,true,2,neutral
r_024278b05b32,gridwell,true,3,not_recommended
r_024278b05b32,fleetora,false,,
r_024278b05b32,novahaul,false,,
r_f2dad16a5eb7,corvane,true,2,neutral
r_f2dad16a5eb7,trakvia,false,,
r_f2dad16a5eb7,routelyne,true,1,recommended
r_f2dad16a5eb7,gridwell,false,,
r_f2dad16a5eb7,fleetora,false,,
r_f2dad16a5eb7,novahaul,false,,
r_ee74a852281d,corvane,true,1,neutral
r_ee74a852281d,trakvia,true,2,recommended
r_ee74a852281d,routelyne,false,,
r_ee74a852281d,gridwell,false,,
r_ee74a852281d,fleetora,false,,
r_ee74a852281d,novahaul,false,,
r_01b413949455,corvane,true,2,neutral
r_01b413949455,trakvia,false,,
r_01b413949455,routelyne,false,,
r_01b413949455,gridwell,true,1,recommended
r_01b413949455,fleetora,false,,
r_01b413949455,novahaul,false,,
r_b5287d95415f,corvane,true,2,neutral
r_b5287d95415f,trakvia,false,,
r_b5287d95415f,routelyne,false,,
r_b5287d95415f,gridwell,true,1,neutral
r_b5287d95415f,fleetora,false,,
r_b5287d95415f,novahaul,false,,
r_69a407eac1ff,corvane,true,1,recommended
r_69a407eac1ff,trakvia,true,2,neutral
r_69a407eac1ff,routelyne,false,,
r_69a407eac1ff,gridwell,false,,
r_69a407eac1ff,fleetora,false,,
r_69a407eac1ff,novahaul,true,3,recommended
r_e967478bef8a,corvane,false,,
r_e967478bef8a,trakvia,true,5,neutral
r_e967478bef8a,routelyne,true,3,neutral
r_e967478bef8a,gridwell,true,2,neutral
r_e967478bef8a,fleetora,true,4,neutral
r_e967478bef8a,novahaul,true,1,neutral
r_1ab4cc267140,corvane,true,3,neutral
r_1ab4cc267140,trakvia,true,1,recommended
r_1ab4cc267140,routelyne,true,2,recommended
r_1ab4cc267140,gridwell,false,,
r_1ab4cc267140,fleetora,false,,
r_1ab4cc267140,novahaul,false,,
r_5d59b739016b,corvane,true,2,neutral
r_5d59b739016b,trakvia,false,,
r_5d59b739016b,routelyne,false,,
r_5d59b739016b,gridwell,true,1,neutral
r_5d59b739016b,fleetora,true,3,neutral
r_5d59b739016b,novahaul,false,,
r_b6ee10cdf84f,corvane,true,1,recommended
r_b6ee10cdf84f,trakvia,true,3,neutral
r_b6ee10cdf84f,routelyne,true,4,negative
r_b6ee10cdf84f,gridwell,true,2,neutral
r_b6ee10cdf84f,fleetora,false,,
r_b6ee10cdf84f,novahaul,false,,
r_ae53d8ba7428,corvane,true,1,recommended
r_ae53d8ba7428,trakvia,true,3,neutral
r_ae53d8ba7428,routelyne,true,2,neutral
r_ae53d8ba7428,gridwell,false,,
r_ae53d8ba7428,fleetora,false,,
r_ae53d8ba7428,novahaul,false,,
r_e15185b616b6,corvane,true,1,neutral
r_e15185b616b6,trakvia,false,,
r_e15185b616b6,routelyne,true,3,neutral
r_e15185b616b6,gridwell,true,2,neutral
r_e15185b616b6,fleetora,false,,
r_e15185b616b6,novahaul,false,,
r_c40969b26c7a,corvane,true,1,recommended
r_c40969b26c7a,trakvia,false,,
r_c40969b26c7a,routelyne,true,3,neutral
r_c40969b26c7a,gridwell,false,,
r_c40969b26c7a,fleetora,true,2,neutral
r_c40969b26c7a,novahaul,false,,
r_9ba5efd626ed,corvane,true,2,not_recommended
r_9ba5efd626ed,trakvia,true,3,neutral
r_9ba5efd626ed,routelyne,true,1,recommended
r_9ba5efd626ed,gridwell,false,,
r_9ba5efd626ed,fleetora,false,,
r_9ba5efd626ed,novahaul,false,,
r_1a67d6a00bb8,corvane,false,,
r_1a67d6a00bb8,trakvia,true,1,recommended
r_1a67d6a00bb8,routelyne,false,,
r_1a67d6a00bb8,gridwell,false,,
r_1a67d6a00bb8,fleetora,false,,
r_1a67d6a00bb8,novahaul,false,,
r_7b80a2f21367,corvane,true,3,neutral
r_7b80a2f21367,trakvia,true,4,neutral
r_7b80a2f21367,routelyne,true,2,neutral
r_7b80a2f21367,gridwell,true,1,neutral
r_7b80a2f21367,fleetora,false,,
r_7b80a2f21367,novahaul,false,,
r_2c0a309fc6fb,corvane,false,,
r_2c0a309fc6fb,trakvia,true,3,neutral
r_2c0a309fc6fb,routelyne,true,1,neutral
r_2c0a309fc6fb,gridwell,true,2,neutral
r_2c0a309fc6fb,fleetora,false,,
r_2c0a309fc6fb,novahaul,false,,
r_a6e1c217bbee,corvane,true,1,recommended
r_a6e1c217bbee,trakvia,false,,
r_a6e1c217bbee,routelyne,false,,
r_a6e1c217bbee,gridwell,false,,
r_a6e1c217bbee,fleetora,false,,
r_a6e1c217bbee,novahaul,false,,
r_cac3c3733054,corvane,true,1,recommended
r_cac3c3733054,trakvia,false,,
r_cac3c3733054,routelyne,false,,
r_cac3c3733054,gridwell,false,,
r_cac3c3733054,fleetora,true,3,neutral
r_cac3c3733054,novahaul,true,2,neutral
r_653a60305014,corvane,false,,
r_653a60305014,trakvia,true,3,neutral
r_653a60305014,routelyne,false,,
r_653a60305014,gridwell,true,1,neutral
r_653a60305014,fleetora,true,2,recommended
r_653a60305014,novahaul,false,,
r_9f6c8d777d16,corvane,true,1,recommended
r_9f6c8d777d16,trakvia,false,,
r_9f6c8d777d16,routelyne,true,2,recommended
r_9f6c8d777d16,gridwell,true,3,neutral
r_9f6c8d777d16,fleetora,false,,
r_9f6c8d777d16,novahaul,false,,
r_dfc711b7343a,corvane,false,,
r_dfc711b7343a,trakvia,false,,
r_dfc711b7343a,routelyne,true,1,recommended
r_dfc711b7343a,gridwell,true,2,neutral
r_dfc711b7343a,fleetora,false,,
r_dfc711b7343a,novahaul,false,,
r_062d8c48412b,corvane,false,,
r_062d8c48412b,trakvia,false,,
r_062d8c48412b,routelyne,false,,
r_062d8c48412b,gridwell,false,,
r_062d8c48412b,fleetora,true,2,recommended
r_062d8c48412b,novahaul,true,1,neutral
r_78ca2f29e180,corvane,true,2,recommended
r_78ca2f29e180,trakvia,false,,
r_78ca2f29e180,routelyne,false,,
r_78ca2f29e180,gridwell,true,3,neutral
r_78ca2f29e180,fleetora,false,,
r_78ca2f29e180,novahaul,true,1,recommended
r_addb056b0655,corvane,true,2,neutral
r_addb056b0655,trakvia,false,,
r_addb056b0655,routelyne,false,,
r_addb056b0655,gridwell,false,,
r_addb056b0655,fleetora,false,,
r_addb056b0655,novahaul,true,1,neutral
r_d91f64bbf6d8,corvane,true,4,neutral
r_d91f64bbf6d8,trakvia,true,2,neutral
r_d91f64bbf6d8,routelyne,true,1,neutral
r_d91f64bbf6d8,gridwell,false,,
r_d91f64bbf6d8,fleetora,true,3,neutral
r_d91f64bbf6d8,novahaul,false,,
r_97938204195b,corvane,true,4,neutral
r_97938204195b,trakvia,false,,
r_97938204195b,routelyne,true,1,recommended
r_97938204195b,gridwell,true,2,recommended
r_97938204195b,fleetora,true,3,neutral
r_97938204195b,novahaul,false,,
r_42511e75393e,corvane,false,,
r_42511e75393e,trakvia,false,,
r_42511e75393e,routelyne,false,,
r_42511e75393e,gridwell,false,,
r_42511e75393e,fleetora,false,,
r_42511e75393e,novahaul,false,,
r_251ffdaf52a2,corvane,true,1,recommended
r_251ffdaf52a2,trakvia,false,,
r_251ffdaf52a2,routelyne,true,2,neutral
r_251ffdaf52a2,gridwell,false,,
r_251ffdaf52a2,fleetora,false,,
r_251ffdaf52a2,novahaul,true,3,neutral
r_afb2a95c90a7,corvane,false,,
r_afb2a95c90a7,trakvia,true,1,neutral
r_afb2a95c90a7,routelyne,true,3,recommended
r_afb2a95c90a7,gridwell,true,2,neutral
r_afb2a95c90a7,fleetora,false,,
r_afb2a95c90a7,novahaul,false,,
r_f8935d58764b,corvane,false,,
r_f8935d58764b,trakvia,false,,
r_f8935d58764b,routelyne,false,,
r_f8935d58764b,gridwell,false,,
r_f8935d58764b,fleetora,false,,
r_f8935d58764b,novahaul,false,,
r_05314f4414e2,corvane,false,,
r_05314f4414e2,trakvia,false,,
r_05314f4414e2,routelyne,true,1,neutral
r_05314f4414e2,gridwell,false,,
r_05314f4414e2,fleetora,false,,
r_05314f4414e2,novahaul,false,,
r_7e9ad24d941f,corvane,false,,
r_7e9ad24d941f,trakvia,true,3,recommended
r_7e9ad24d941f,routelyne,true,2,recommended
r_7e9ad24d941f,gridwell,true,1,neutral
r_7e9ad24d941f,fleetora,false,,
r_7e9ad24d941f,novahaul,false,,
r_c17f916672eb,corvane,false,,
r_c17f916672eb,trakvia,false,,
r_c17f916672eb,routelyne,false,,
r_c17f916672eb,gridwell,true,1,not_recommended
r_c17f916672eb,fleetora,true,2,neutral
r_c17f916672eb,novahaul,false,,
r_427af6d7d1dd,corvane,false,,
r_427af6d7d1dd,trakvia,true,1,recommended
r_427af6d7d1dd,routelyne,false,,
r_427af6d7d1dd,gridwell,false,,
r_427af6d7d1dd,fleetora,false,,
r_427af6d7d1dd,novahaul,false,,
r_b943bc841c8e,corvane,false,,
r_b943bc841c8e,trakvia,true,2,not_recommended
r_b943bc841c8e,routelyne,false,,
r_b943bc841c8e,gridwell,true,1,not_recommended
r_b943bc841c8e,fleetora,false,,
r_b943bc841c8e,novahaul,false,,
r_6639f9577aa7,corvane,false,,
r_6639f9577aa7,trakvia,true,3,recommended
r_6639f9577aa7,routelyne,true,2,neutral
r_6639f9577aa7,gridwell,false,,
r_6639f9577aa7,fleetora,false,,
r_6639f9577aa7,novahaul,true,1,recommended
r_5c1fa874ba5a,corvane,false,,
r_5c1fa874ba5a,trakvia,true,2,recommended
r_5c1fa874ba5a,routelyne,true,1,recommended
r_5c1fa874ba5a,gridwell,false,,
r_5c1fa874ba5a,fleetora,false,,
r_5c1fa874ba5a,novahaul,false,,
r_addd01e7f5e7,corvane,true,2,recommended
r_addd01e7f5e7,trakvia,true,1,recommended
r_addd01e7f5e7,routelyne,true,5,negative
r_addd01e7f5e7,gridwell,true,4,recommended
r_addd01e7f5e7,fleetora,false,,
r_addd01e7f5e7,novahaul,true,3,recommended
r_b0ce309055d6,corvane,true,4,recommended
r_b0ce309055d6,trakvia,true,2,neutral
r_b0ce309055d6,routelyne,true,5,negative
r_b0ce309055d6,gridwell,true,1,not_recommended
r_b0ce309055d6,fleetora,true,3,recommended
r_b0ce309055d6,novahaul,false,,
r_aee5a16d9acc,corvane,true,3,negative
r_aee5a16d9acc,trakvia,true,2,recommended
r_aee5a16d9acc,routelyne,true,1,recommended
r_aee5a16d9acc,gridwell,false,,
r_aee5a16d9acc,fleetora,false,,
r_aee5a16d9acc,novahaul,false,,
r_c5a8b651d34c,corvane,false,,
r_c5a8b651d34c,trakvia,true,1,neutral
r_c5a8b651d34c,routelyne,true,2,recommended
r_c5a8b651d34c,gridwell,false,,
r_c5a8b651d34c,fleetora,false,,
r_c5a8b651d34c,novahaul,false,,
r_110595342e53,corvane,false,,
r_110595342e53,trakvia,false,,
r_110595342e53,routelyne,true,1,recommended
r_110595342e53,gridwell,false,,
r_110595342e53,fleetora,false,,
r_110595342e53,novahaul,true,2,negative
r_f211832b82c5,corvane,false,,
r_f211832b82c5,trakvia,true,1,neutral
r_f211832b82c5,routelyne,true,2,recommended
r_f211832b82c5,gridwell,false,,
r_f211832b82c5,fleetora,false,,
r_f211832b82c5,novahaul,false,,
r_6a8d07d37113,corvane,false,,
r_6a8d07d37113,trakvia,true,1,neutral
r_6a8d07d37113,routelyne,true,2,negative
r_6a8d07d37113,gridwell,false,,
r_6a8d07d37113,fleetora,false,,
r_6a8d07d37113,novahaul,false,,
r_8fe01207ad74,corvane,false,,
r_8fe01207ad74,trakvia,false,,
r_8fe01207ad74,routelyne,true,2,negative
r_8fe01207ad74,gridwell,true,1,neutral
r_8fe01207ad74,fleetora,false,,
r_8fe01207ad74,novahaul,false,,
r_32a03d7db357,corvane,false,,
r_32a03d7db357,trakvia,false,,
r_32a03d7db357,routelyne,true,1,neutral
r_32a03d7db357,gridwell,false,,
r_32a03d7db357,fleetora,false,,
r_32a03d7db357,novahaul,false,,
r_12c31cb2b18a,corvane,false,,
r_12c31cb2b18a,trakvia,false,,
r_12c31cb2b18a,routelyne,true,1,recommended
r_12c31cb2b18a,gridwell,false,,
r_12c31cb2b18a,fleetora,false,,
r_12c31cb2b18a,novahaul,false,,
r_09fbf5d87ec2,corvane,false,,
r_09fbf5d87ec2,trakvia,true,3,neutral
r_09fbf5d87ec2,routelyne,true,2,recommended
r_09fbf5d87ec2,gridwell,true,1,not_recommended
r_09fbf5d87ec2,fleetora,false,,
r_09fbf5d87ec2,novahaul,false,,
r_f03798c821a3,corvane,true,4,neutral
r_f03798c821a3,trakvia,true,1,recommended
r_f03798c821a3,routelyne,true,3,not_recommended
r_f03798c821a3,gridwell,true,2,negative
r_f03798c821a3,fleetora,false,,
r_f03798c821a3,novahaul,false,,
r_ad467ba3ec88,corvane,true,3,recommended
r_ad467ba3ec88,trakvia,false,,
r_ad467ba3ec88,routelyne,true,2,not_recommended
r_ad467ba3ec88,gridwell,true,1,neutral
r_ad467ba3ec88,fleetora,false,,
r_ad467ba3ec88,novahaul,false,,
r_44797220b073,corvane,false,,
r_44797220b073,trakvia,false,,
r_44797220b073,routelyne,false,,
r_44797220b073,gridwell,false,,
r_44797220b073,fleetora,false,,
r_44797220b073,novahaul,false,,
r_93168769c786,corvane,true,1,recommended
r_93168769c786,trakvia,false,,
r_93168769c786,routelyne,false,,
r_93168769c786,gridwell,false,,
r_93168769c786,fleetora,false,,
r_93168769c786,novahaul,false,,
r_09a62546802f,corvane,false,,
r_09a62546802f,trakvia,false,,
r_09a62546802f,routelyne,true,1,recommended
r_09a62546802f,gridwell,true,2,negative
r_09a62546802f,fleetora,false,,
r_09a62546802f,novahaul,false,,
r_c0f579a6275e,corvane,false,,
r_c0f579a6275e,trakvia,true,2,recommended
r_c0f579a6275e,routelyne,false,,
r_c0f579a6275e,gridwell,false,,
r_c0f579a6275e,fleetora,false,,
r_c0f579a6275e,novahaul,true,1,recommended
r_e851477dfbe8,corvane,true,3,recommended
r_e851477dfbe8,trakvia,false,,
r_e851477dfbe8,routelyne,true,2,recommended
r_e851477dfbe8,gridwell,false,,
r_e851477dfbe8,fleetora,true,1,neutral
r_e851477dfbe8,novahaul,false,,
r_98ef05967f2a,corvane,true,1,neutral
r_98ef05967f2a,trakvia,true,4,neutral
r_98ef05967f2a,routelyne,true,2,neutral
r_98ef05967f2a,gridwell,false,,
r_98ef05967f2a,fleetora,true,3,neutral
r_98ef05967f2a,novahaul,false,,
r_a9a2f74ee9fc,corvane,false,,
r_a9a2f74ee9fc,trakvia,false,,
r_a9a2f74ee9fc,routelyne,true,1,recommended
r_a9a2f74ee9fc,gridwell,false,,
r_a9a2f74ee9fc,fleetora,false,,
r_a9a2f74ee9fc,novahaul,false,,
r_76a3fbb76f09,corvane,false,,
r_76a3fbb76f09,trakvia,false,,
r_76a3fbb76f09,routelyne,false,,
r_76a3fbb76f09,gridwell,false,,
r_76a3fbb76f09,fleetora,false,,
r_76a3fbb76f09,novahaul,false,,
r_e4faa2416c0c,corvane,true,3,recommended
r_e4faa2416c0c,trakvia,true,1,recommended
r_e4faa2416c0c,routelyne,true,4,negative
r_e4faa2416c0c,gridwell,false,,
r_e4faa2416c0c,fleetora,false,,
r_e4faa2416c0c,novahaul,true,2,recommended
r_aed80dd09f27,corvane,true,1,neutral
r_aed80dd09f27,trakvia,false,,
r_aed80dd09f27,routelyne,false,,
r_aed80dd09f27,gridwell,false,,
r_aed80dd09f27,fleetora,false,,
r_aed80dd09f27,novahaul,false,,
r_da591e1243ad,corvane,true,2,neutral
r_da591e1243ad,trakvia,true,3,neutral
r_da591e1243ad,routelyne,true,1,recommended
r_da591e1243ad,gridwell,false,,
r_da591e1243ad,fleetora,false,,
r_da591e1243ad,novahaul,false,,
r_b73e72f7e09e,corvane,false,,
r_b73e72f7e09e,trakvia,false,,
r_b73e72f7e09e,routelyne,true,1,negative
r_b73e72f7e09e,gridwell,false,,
r_b73e72f7e09e,fleetora,false,,
r_b73e72f7e09e,novahaul,false,,
r_f01558291d29,corvane,true,1,recommended
r_f01558291d29,trakvia,true,2,recommended
r_f01558291d29,routelyne,false,,
r_f01558291d29,gridwell,true,3,neutral
r_f01558291d29,fleetora,false,,
r_f01558291d29,novahaul,false,,
r_62121f90dbc1,corvane,true,3,neutral
r_62121f90dbc1,trakvia,true,1,neutral
r_62121f90dbc1,routelyne,false,,
r_62121f90dbc1,gridwell,true,2,neutral
r_62121f90dbc1,fleetora,false,,
r_62121f90dbc1,novahaul,false,,
r_63c1681195b3,corvane,true,5,neutral
r_63c1681195b3,trakvia,true,1,recommended
r_63c1681195b3,routelyne,true,3,neutral
r_63c1681195b3,gridwell,true,4,neutral
r_63c1681195b3,fleetora,false,,
r_63c1681195b3,novahaul,true,2,recommended
r_7fe0f8a5757a,corvane,true,4,neutral
r_7fe0f8a5757a,trakvia,true,1,recommended
r_7fe0f8a5757a,routelyne,false,,
r_7fe0f8a5757a,gridwell,true,3,neutral
r_7fe0f8a5757a,fleetora,false,,
r_7fe0f8a5757a,novahaul,true,2,neutral
r_7864845f1ab2,corvane,true,1,recommended
r_7864845f1ab2,trakvia,false,,
r_7864845f1ab2,routelyne,true,3,neutral
r_7864845f1ab2,gridwell,false,,
r_7864845f1ab2,fleetora,true,2,recommended
r_7864845f1ab2,novahaul,false,,
r_7143490fe9d7,corvane,true,1,recommended
r_7143490fe9d7,trakvia,true,2,neutral
r_7143490fe9d7,routelyne,false,,
r_7143490fe9d7,gridwell,true,3,not_recommended
r_7143490fe9d7,fleetora,false,,
r_7143490fe9d7,novahaul,false,,
r_0ae70f2aa206,corvane,true,1,recommended
r_0ae70f2aa206,trakvia,true,3,neutral
r_0ae70f2aa206,routelyne,false,,
r_0ae70f2aa206,gridwell,true,2,neutral
r_0ae70f2aa206,fleetora,false,,
r_0ae70f2aa206,novahaul,false,,
r_9d9405dfb3c7,corvane,true,3,neutral
r_9d9405dfb3c7,trakvia,true,1,negative
r_9d9405dfb3c7,routelyne,false,,
r_9d9405dfb3c7,gridwell,false,,
r_9d9405dfb3c7,fleetora,false,,
r_9d9405dfb3c7,novahaul,true,2,neutral
r_b7623c18fe90,corvane,true,1,recommended
r_b7623c18fe90,trakvia,false,,
r_b7623c18fe90,routelyne,true,3,neutral
r_b7623c18fe90,gridwell,true,4,neutral
r_b7623c18fe90,fleetora,false,,
r_b7623c18fe90,novahaul,true,2,negative
r_c5b873d0052d,corvane,true,4,neutral
r_c5b873d0052d,trakvia,true,1,recommended
r_c5b873d0052d,routelyne,true,2,neutral
r_c5b873d0052d,gridwell,false,,
r_c5b873d0052d,fleetora,false,,
r_c5b873d0052d,novahaul,true,3,neutral
r_586ad4f0bdae,corvane,false,,
r_586ad4f0bdae,trakvia,true,2,neutral
r_586ad4f0bdae,routelyne,true,1,not_recommended
r_586ad4f0bdae,gridwell,false,,
r_586ad4f0bdae,fleetora,false,,
r_586ad4f0bdae,novahaul,false,,
r_a392d62235ec,corvane,true,2,neutral
r_a392d62235ec,trakvia,true,3,neutral
r_a392d62235ec,routelyne,true,1,neutral
r_a392d62235ec,gridwell,false,,
r_a392d62235ec,fleetora,false,,
r_a392d62235ec,novahaul,false,,
r_e388b37122b4,corvane,false,,
r_e388b37122b4,trakvia,false,,
r_e388b37122b4,routelyne,false,,
r_e388b37122b4,gridwell,true,2,neutral
r_e388b37122b4,fleetora,false,,
r_e388b37122b4,novahaul,true,1,neutral
r_56a5838f1b3e,corvane,false,,
r_56a5838f1b3e,trakvia,true,1,neutral
r_56a5838f1b3e,routelyne,false,,
r_56a5838f1b3e,gridwell,false,,
r_56a5838f1b3e,fleetora,false,,
r_56a5838f1b3e,novahaul,false,,
r_78bfa5754f32,corvane,false,,
r_78bfa5754f32,trakvia,false,,
r_78bfa5754f32,routelyne,false,,
r_78bfa5754f32,gridwell,true,2,recommended
r_78bfa5754f32,fleetora,false,,
r_78bfa5754f32,novahaul,true,1,recommended
r_695156a00af7,corvane,true,2,recommended
r_695156a00af7,trakvia,false,,
r_695156a00af7,routelyne,true,1,recommended
r_695156a00af7,gridwell,false,,
r_695156a00af7,fleetora,false,,
r_695156a00af7,novahaul,false,,
r_a3b96aad9f12,corvane,true,1,recommended
r_a3b96aad9f12,trakvia,false,,
r_a3b96aad9f12,routelyne,false,,
r_a3b96aad9f12,gridwell,true,3,negative
r_a3b96aad9f12,fleetora,false,,
r_a3b96aad9f12,novahaul,true,2,neutral
r_33fba8da5565,corvane,true,2,neutral
r_33fba8da5565,trakvia,true,1,neutral
r_33fba8da5565,routelyne,false,,
r_33fba8da5565,gridwell,true,3,neutral
r_33fba8da5565,fleetora,true,4,neutral
r_33fba8da5565,novahaul,false,,
r_4c2e82f45a8d,corvane,true,1,recommended
r_4c2e82f45a8d,trakvia,false,,
r_4c2e82f45a8d,routelyne,false,,
r_4c2e82f45a8d,gridwell,false,,
r_4c2e82f45a8d,fleetora,true,2,recommended
r_4c2e82f45a8d,novahaul,false,,
r_bdbe9037bd2b,corvane,true,1,recommended
r_bdbe9037bd2b,trakvia,false,,
r_bdbe9037bd2b,routelyne,false,,
r_bdbe9037bd2b,gridwell,false,,
r_bdbe9037bd2b,fleetora,true,2,recommended
r_bdbe9037bd2b,novahaul,false,,
r_11fd90533168,corvane,true,3,neutral
r_11fd90533168,trakvia,true,2,neutral
r_11fd90533168,routelyne,false,,
r_11fd90533168,gridwell,true,4,not_recommended
r_11fd90533168,fleetora,true,1,recommended
r_11fd90533168,novahaul,false,,
r_3ba5e9828de8,corvane,true,1,neutral
r_3ba5e9828de8,trakvia,false,,
r_3ba5e9828de8,routelyne,false,,
r_3ba5e9828de8,gridwell,false,,
r_3ba5e9828de8,fleetora,true,2,recommended
r_3ba5e9828de8,novahaul,false,,
r_ebc7cdab5791,corvane,true,2,neutral
r_ebc7cdab5791,trakvia,false,,
r_ebc7cdab5791,routelyne,true,3,neutral
r_ebc7cdab5791,gridwell,true,1,recommended
r_ebc7cdab5791,fleetora,false,,
r_ebc7cdab5791,novahaul,false,,
r_4a40b08fc97d,corvane,true,2,neutral
r_4a40b08fc97d,trakvia,true,1,neutral
r_4a40b08fc97d,routelyne,true,3,recommended
r_4a40b08fc97d,gridwell,false,,
r_4a40b08fc97d,fleetora,false,,
r_4a40b08fc97d,novahaul,false,,
r_5531ef1ed917,corvane,false,,
r_5531ef1ed917,trakvia,false,,
r_5531ef1ed917,routelyne,false,,
r_5531ef1ed917,gridwell,false,,
r_5531ef1ed917,fleetora,true,2,neutral
r_5531ef1ed917,novahaul,true,1,neutral
r_c9063edd7805,corvane,false,,
r_c9063edd7805,trakvia,false,,
r_c9063edd7805,routelyne,false,,
r_c9063edd7805,gridwell,false,,
r_c9063edd7805,fleetora,false,,
r_c9063edd7805,novahaul,false,,
r_6ee687efcad2,corvane,true,2,neutral
r_6ee687efcad2,trakvia,false,,
r_6ee687efcad2,routelyne,true,1,neutral
r_6ee687efcad2,gridwell,true,3,neutral
r_6ee687efcad2,fleetora,false,,
r_6ee687efcad2,novahaul,false,,
r_4677a7b79985,corvane,true,1,recommended
r_4677a7b79985,trakvia,true,2,recommended
r_4677a7b79985,routelyne,false,,
r_4677a7b79985,gridwell,false,,
r_4677a7b79985,fleetora,false,,
r_4677a7b79985,novahaul,false,,
r_f6b9e3b59b8e,corvane,true,3,not_recommended
r_f6b9e3b59b8e,trakvia,true,1,neutral
r_f6b9e3b59b8e,routelyne,false,,
r_f6b9e3b59b8e,gridwell,false,,
r_f6b9e3b59b8e,fleetora,true,2,recommended
r_f6b9e3b59b8e,novahaul,false,,
r_d1833d3ae1f7,corvane,false,,
r_d1833d3ae1f7,trakvia,true,1,recommended
r_d1833d3ae1f7,routelyne,true,2,recommended
r_d1833d3ae1f7,gridwell,false,,
r_d1833d3ae1f7,fleetora,false,,
r_d1833d3ae1f7,novahaul,false,,
r_42a719ea0780,corvane,true,2,recommended
r_42a719ea0780,trakvia,true,1,neutral
r_42a719ea0780,routelyne,false,,
r_42a719ea0780,gridwell,true,3,recommended
r_42a719ea0780,fleetora,false,,
r_42a719ea0780,novahaul,false,,
r_fcb71aaa7a1f,corvane,false,,
r_fcb71aaa7a1f,trakvia,false,,
r_fcb71aaa7a1f,routelyne,false,,
r_fcb71aaa7a1f,gridwell,true,1,recommended
r_fcb71aaa7a1f,fleetora,false,,
r_fcb71aaa7a1f,novahaul,true,2,neutral
r_511c9f49e13c,corvane,false,,
r_511c9f49e13c,trakvia,true,2,recommended
r_511c9f49e13c,routelyne,false,,
r_511c9f49e13c,gridwell,false,,
r_511c9f49e13c,fleetora,false,,
r_511c9f49e13c,novahaul,true,1,recommended
r_f538ac4abcfd,corvane,false,,
r_f538ac4abcfd,trakvia,true,1,neutral
r_f538ac4abcfd,routelyne,false,,
r_f538ac4abcfd,gridwell,true,2,neutral
r_f538ac4abcfd,fleetora,false,,
r_f538ac4abcfd,novahaul,true,3,neutral
r_5bac12506c2d,corvane,true,1,neutral
r_5bac12506c2d,trakvia,true,2,recommended
r_5bac12506c2d,routelyne,false,,
r_5bac12506c2d,gridwell,false,,
r_5bac12506c2d,fleetora,true,3,neutral
r_5bac12506c2d,novahaul,true,4,neutral
r_310a72fff75f,corvane,false,,
r_310a72fff75f,trakvia,false,,
r_310a72fff75f,routelyne,false,,
r_310a72fff75f,gridwell,true,1,neutral
r_310a72fff75f,fleetora,false,,
r_310a72fff75f,novahaul,false,,
r_f42560b9b7ca,corvane,true,1,recommended
r_f42560b9b7ca,trakvia,true,2,neutral
r_f42560b9b7ca,routelyne,true,4,recommended
r_f42560b9b7ca,gridwell,false,,
r_f42560b9b7ca,fleetora,false,,
r_f42560b9b7ca,novahaul,true,3,recommended
r_871d2ce84439,corvane,true,3,neutral
r_871d2ce84439,trakvia,true,1,neutral
r_871d2ce84439,routelyne,true,2,neutral
r_871d2ce84439,gridwell,false,,
r_871d2ce84439,fleetora,false,,
r_871d2ce84439,novahaul,false,,
r_6211f4a04711,corvane,false,,
r_6211f4a04711,trakvia,true,1,recommended
r_6211f4a04711,routelyne,true,2,neutral
r_6211f4a04711,gridwell,false,,
r_6211f4a04711,fleetora,true,3,neutral
r_6211f4a04711,novahaul,false,,
r_30050927230a,corvane,false,,
r_30050927230a,trakvia,true,4,recommended
r_30050927230a,routelyne,true,1,not_recommended
r_30050927230a,gridwell,true,3,recommended
r_30050927230a,fleetora,true,2,not_recommended
r_30050927230a,novahaul,false,,
r_fc1d7f1014f8,corvane,false,,
r_fc1d7f1014f8,trakvia,true,2,neutral
r_fc1d7f1014f8,routelyne,true,1,recommended
r_fc1d7f1014f8,gridwell,false,,
r_fc1d7f1014f8,fleetora,false,,
r_fc1d7f1014f8,novahaul,false,,
r_6be30ae95660,corvane,true,1,recommended
r_6be30ae95660,trakvia,true,3,recommended
r_6be30ae95660,routelyne,true,2,recommended
r_6be30ae95660,gridwell,true,4,recommended
r_6be30ae95660,fleetora,false,,
r_6be30ae95660,novahaul,false,,
r_ff7f3b09f9dc,corvane,false,,
r_ff7f3b09f9dc,trakvia,true,1,recommended
r_ff7f3b09f9dc,routelyne,false,,
r_ff7f3b09f9dc,gridwell,false,,
r_ff7f3b09f9dc,fleetora,false,,
r_ff7f3b09f9dc,novahaul,false,,
r_0760990328ce,corvane,false,,
r_0760990328ce,trakvia,false,,
r_0760990328ce,routelyne,true,2,neutral
r_0760990328ce,gridwell,true,1,neutral
r_0760990328ce,fleetora,false,,
r_0760990328ce,novahaul,false,,
r_2e32597e0047,corvane,false,,
r_2e32597e0047,trakvia,true,1,negative
r_2e32597e0047,routelyne,false,,
r_2e32597e0047,gridwell,false,,
r_2e32597e0047,fleetora,false,,
r_2e32597e0047,novahaul,false,,
r_946eb0bd5ce5,corvane,true,1,recommended
r_946eb0bd5ce5,trakvia,false,,
r_946eb0bd5ce5,routelyne,false,,
r_946eb0bd5ce5,gridwell,false,,
r_946eb0bd5ce5,fleetora,false,,
r_946eb0bd5ce5,novahaul,false,,
r_90fa0f2cfae6,corvane,false,,
r_90fa0f2cfae6,trakvia,true,1,recommended
r_90fa0f2cfae6,routelyne,false,,
r_90fa0f2cfae6,gridwell,true,2,neutral
r_90fa0f2cfae6,fleetora,false,,
r_90fa0f2cfae6,novahaul,false,,
r_448b7d26690f,corvane,true,4,recommended
r_448b7d26690f,trakvia,true,1,recommended
r_448b7d26690f,routelyne,true,2,neutral
r_448b7d26690f,gridwell,true,3,neutral
r_448b7d26690f,fleetora,false,,
r_448b7d26690f,novahaul,false,,
r_678c1e783928,corvane,true,1,neutral
r_678c1e783928,trakvia,false,,
r_678c1e783928,routelyne,true,2,neutral
r_678c1e783928,gridwell,false,,
r_678c1e783928,fleetora,false,,
r_678c1e783928,novahaul,false,,
r_692761a8bb73,corvane,false,,
r_692761a8bb73,trakvia,false,,
r_692761a8bb73,routelyne,false,,
r_692761a8bb73,gridwell,false,,
r_692761a8bb73,fleetora,false,,
r_692761a8bb73,novahaul,false,,
r_aaa84053a0aa,corvane,true,3,neutral
r_aaa84053a0aa,trakvia,true,2,recommended
r_aaa84053a0aa,routelyne,false,,
r_aaa84053a0aa,gridwell,true,1,not_recommended
r_aaa84053a0aa,fleetora,false,,
r_aaa84053a0aa,novahaul,false,,
r_0953f945b69a,corvane,true,1,neutral
r_0953f945b69a,trakvia,true,2,recommended
r_0953f945b69a,routelyne,false,,
r_0953f945b69a,gridwell,false,,
r_0953f945b69a,fleetora,false,,
r_0953f945b69a,novahaul,false,,
r_f2f52ba9575c,corvane,false,,
r_f2f52ba9575c,trakvia,true,1,recommended
r_f2f52ba9575c,routelyne,true,2,neutral
r_f2f52ba9575c,gridwell,false,,
r_f2f52ba9575c,fleetora,false,,
r_f2f52ba9575c,novahaul,false,,
r_00acf80ce71d,corvane,true,1,neutral
r_00acf80ce71d,trakvia,false,,
r_00acf80ce71d,routelyne,false,,
r_00acf80ce71d,gridwell,true,2,not_recommended
r_00acf80ce71d,fleetora,false,,
r_00acf80ce71d,novahaul,false,,
r_a67f33638775,corvane,false,,
r_a67f33638775,trakvia,false,,
r_a67f33638775,routelyne,false,,
r_a67f33638775,gridwell,false,,
r_a67f33638775,fleetora,true,2,neutral
r_a67f33638775,novahaul,true,1,neutral
r_30bd98f9b7f5,corvane,true,2,recommended
r_30bd98f9b7f5,trakvia,true,1,recommended
r_30bd98f9b7f5,routelyne,false,,
r_30bd98f9b7f5,gridwell,false,,
r_30bd98f9b7f5,fleetora,false,,
r_30bd98f9b7f5,novahaul,true,3,neutral
r_1c4b73e1c08d,corvane,false,,
r_1c4b73e1c08d,trakvia,true,1,recommended
r_1c4b73e1c08d,routelyne,true,2,negative
r_1c4b73e1c08d,gridwell,false,,
r_1c4b73e1c08d,fleetora,true,3,neutral
r_1c4b73e1c08d,novahaul,false,,
r_e54c2542b891,corvane,false,,
r_e54c2542b891,trakvia,true,1,recommended
r_e54c2542b891,routelyne,true,2,recommended
r_e54c2542b891,gridwell,false,,
r_e54c2542b891,fleetora,false,,
r_e54c2542b891,novahaul,false,,
r_5d612c3bb73e,corvane,false,,
r_5d612c3bb73e,trakvia,true,1,recommended
r_5d612c3bb73e,routelyne,true,3,recommended
r_5d612c3bb73e,gridwell,false,,
r_5d612c3bb73e,fleetora,true,2,neutral
r_5d612c3bb73e,novahaul,false,,
r_93edfb0d562e,corvane,false,,
r_93edfb0d562e,trakvia,false,,
r_93edfb0d562e,routelyne,true,2,neutral
r_93edfb0d562e,gridwell,false,,
r_93edfb0d562e,fleetora,true,1,neutral
r_93edfb0d562e,novahaul,false,,
r_eb99052a8ef0,corvane,true,1,recommended
r_eb99052a8ef0,trakvia,false,,
r_eb99052a8ef0,routelyne,true,2,neutral
r_eb99052a8ef0,gridwell,false,,
r_eb99052a8ef0,fleetora,false,,
r_eb99052a8ef0,novahaul,false,,
r_893fccc13621,corvane,false,,
r_893fccc13621,trakvia,false,,
r_893fccc13621,routelyne,false,,
r_893fccc13621,gridwell,false,,
r_893fccc13621,fleetora,false,,
r_893fccc13621,novahaul,false,,
r_9ce7be6236cf,corvane,false,,
r_9ce7be6236cf,trakvia,true,2,recommended
r_9ce7be6236cf,routelyne,true,1,recommended
r_9ce7be6236cf,gridwell,true,3,recommended
r_9ce7be6236cf,fleetora,false,,
r_9ce7be6236cf,novahaul,false,,
r_c4c3ca3892d0,corvane,true,2,negative
r_c4c3ca3892d0,trakvia,false,,
r_c4c3ca3892d0,routelyne,true,3,negative
r_c4c3ca3892d0,gridwell,false,,
r_c4c3ca3892d0,fleetora,false,,
r_c4c3ca3892d0,novahaul,true,1,recommended
r_86488e0fea03,corvane,true,1,negative
r_86488e0fea03,trakvia,false,,
r_86488e0fea03,routelyne,false,,
r_86488e0fea03,gridwell,false,,
r_86488e0fea03,fleetora,false,,
r_86488e0fea03,novahaul,false,,
r_39d102097541,corvane,true,2,recommended
r_39d102097541,trakvia,false,,
r_39d102097541,routelyne,true,1,neutral
r_39d102097541,gridwell,false,,
r_39d102097541,fleetora,true,3,recommended
r_39d102097541,novahaul,false,,
r_97d3fb9d7e72,corvane,true,3,not_recommended
r_97d3fb9d7e72,trakvia,true,2,not_recommended
r_97d3fb9d7e72,routelyne,true,1,negative
r_97d3fb9d7e72,gridwell,true,4,not_recommended
r_97d3fb9d7e72,fleetora,false,,
r_97d3fb9d7e72,novahaul,false,,
r_fdc76b421f8d,corvane,true,3,neutral
r_fdc76b421f8d,trakvia,true,1,recommended
r_fdc76b421f8d,routelyne,true,2,recommended
r_fdc76b421f8d,gridwell,false,,
r_fdc76b421f8d,fleetora,false,,
r_fdc76b421f8d,novahaul,false,,
r_7174cd3a2da9,corvane,false,,
r_7174cd3a2da9,trakvia,true,1,neutral
r_7174cd3a2da9,routelyne,true,3,recommended
r_7174cd3a2da9,gridwell,true,2,recommended
r_7174cd3a2da9,fleetora,false,,
r_7174cd3a2da9,novahaul,false,,
r_706febfabf26,corvane,true,2,recommended
r_706febfabf26,trakvia,true,1,recommended
r_706febfabf26,routelyne,true,3,recommended
r_706febfabf26,gridwell,false,,
r_706febfabf26,fleetora,false,,
r_706febfabf26,novahaul,false,,
r_24dc14f3b9ca,corvane,false,,
r_24dc14f3b9ca,trakvia,true,1,recommended
r_24dc14f3b9ca,routelyne,true,2,negative
r_24dc14f3b9ca,gridwell,false,,
r_24dc14f3b9ca,fleetora,false,,
r_24dc14f3b9ca,novahaul,false,,
r_45e747ecc8ea,corvane,false,,
r_45e747ecc8ea,trakvia,true,1,neutral
r_45e747ecc8ea,routelyne,true,2,neutral
r_45e747ecc8ea,gridwell,false,,
r_45e747ecc8ea,fleetora,false,,
r_45e747ecc8ea,novahaul,false,,
r_a00a5c5f9348,corvane,true,4,not_recommended
r_a00a5c5f9348,trakvia,true,3,not_recommended
r_a00a5c5f9348,routelyne,true,2,neutral
r_a00a5c5f9348,gridwell,true,1,recommended
r_a00a5c5f9348,fleetora,false,,
r_a00a5c5f9348,novahaul,true,5,neutral
r_f2bd1abb559c,corvane,false,,
r_f2bd1abb559c,trakvia,true,1,not_recommended
r_f2bd1abb559c,routelyne,true,2,not_recommended
r_f2bd1abb559c,gridwell,true,3,recommended
r_f2bd1abb559c,fleetora,true,4,recommended
r_f2bd1abb559c,novahaul,false,,
r_d7ffaa9504a8,corvane,true,1,negative
r_d7ffaa9504a8,trakvia,false,,
r_d7ffaa9504a8,routelyne,true,3,not_recommended
r_d7ffaa9504a8,gridwell,false,,
r_d7ffaa9504a8,fleetora,true,2,not_recommended
r_d7ffaa9504a8,novahaul,false,,
r_6dd8fbe0a4a1,corvane,false,,
r_6dd8fbe0a4a1,trakvia,true,2,neutral
r_6dd8fbe0a4a1,routelyne,true,1,recommended
r_6dd8fbe0a4a1,gridwell,false,,
r_6dd8fbe0a4a1,fleetora,false,,
r_6dd8fbe0a4a1,novahaul,false,,
r_61a4ad16d0ab,corvane,false,,
r_61a4ad16d0ab,trakvia,true,1,neutral
r_61a4ad16d0ab,routelyne,true,3,recommended
r_61a4ad16d0ab,gridwell,true,2,recommended
r_61a4ad16d0ab,fleetora,false,,
r_61a4ad16d0ab,novahaul,false,,
r_9640059cb379,corvane,true,1,recommended
r_9640059cb379,trakvia,false,,
r_9640059cb379,routelyne,true,2,recommended
r_9640059cb379,gridwell,true,3,negative
r_9640059cb379,fleetora,false,,
r_9640059cb379,novahaul,false,,
r_0639f21e595d,corvane,false,,
r_0639f21e595d,trakvia,false,,
r_0639f21e595d,routelyne,true,1,neutral
r_0639f21e595d,gridwell,false,,
r_0639f21e595d,fleetora,false,,
r_0639f21e595d,novahaul,false,,
r_b25d834d463c,corvane,false,,
r_b25d834d463c,trakvia,true,1,negative
r_b25d834d463c,routelyne,false,,
r_b25d834d463c,gridwell,false,,
r_b25d834d463c,fleetora,false,,
r_b25d834d463c,novahaul,false,,
r_53470c989c76,corvane,true,2,recommended
r_53470c989c76,trakvia,false,,
r_53470c989c76,routelyne,false,,
r_53470c989c76,gridwell,true,1,recommended
r_53470c989c76,fleetora,false,,
r_53470c989c76,novahaul,false,,
r_113aef0fdf31,corvane,false,,
r_113aef0fdf31,trakvia,false,,
r_113aef0fdf31,routelyne,true,2,recommended
r_113aef0fdf31,gridwell,true,1,neutral
r_113aef0fdf31,fleetora,true,3,recommended
r_113aef0fdf31,novahaul,false,,
r_1c1595eb2afe,corvane,true,2,neutral
r_1c1595eb2afe,trakvia,true,1,recommended
r_1c1595eb2afe,routelyne,true,3,recommended
r_1c1595eb2afe,gridwell,false,,
r_1c1595eb2afe,fleetora,false,,
r_1c1595eb2afe,novahaul,false,,
r_f95344d9e054,corvane,false,,
r_f95344d9e054,trakvia,false,,
r_f95344d9e054,routelyne,false,,
r_f95344d9e054,gridwell,false,,
r_f95344d9e054,fleetora,false,,
r_f95344d9e054,novahaul,false,,
r_821ed1869cde,corvane,false,,
r_821ed1869cde,trakvia,false,,
r_821ed1869cde,routelyne,true,1,negative
r_821ed1869cde,gridwell,false,,
r_821ed1869cde,fleetora,false,,
r_821ed1869cde,novahaul,false,,
r_54e21df2177e,corvane,false,,
r_54e21df2177e,trakvia,false,,
r_54e21df2177e,routelyne,false,,
r_54e21df2177e,gridwell,true,1,neutral
r_54e21df2177e,fleetora,false,,
r_54e21df2177e,novahaul,false,,
